Time_s,Signal,Energy
0.12,460.0,211600.0
0.12010416666666666,468.0,219024.0
0.12020833333333333,465.0,216225.0
0.1203125,469.0,219961.0
0.12041666666666667,468.0,219024.0
0.12052083333333333,471.0,221841.0
0.120625,468.0,219024.0
0.12072916666666667,467.0,218089.0
0.12083333333333333,451.0,203401.0
0.1209375,454.0,206116.0
0.12104166666666667,466.0,217156.0
0.12114583333333333,476.0,226576.0
0.12125,458.0,209764.0
0.12135416666666667,462.0,213444.0
0.12145833333333333,475.0,225625.0
0.1215625,451.0,203401.0
0.12166666666666667,446.0,198916.0
0.12177083333333333,466.0,217156.0
0.121875,468.0,219024.0
0.12197916666666667,465.0,216225.0
0.12208333333333334,453.0,205209.0
0.1221875,453.0,205209.0
0.12229166666666667,471.0,221841.0
0.12239583333333333,454.0,206116.0
0.1225,464.0,215296.0
0.12260416666666667,457.0,208849.0
0.12270833333333334,461.0,212521.0
0.1228125,458.0,209764.0
0.12291666666666666,459.0,210681.0
0.12302083333333333,465.0,216225.0
0.123125,452.0,204304.0
0.12322916666666667,459.0,210681.0
0.12333333333333334,452.0,204304.0
0.1234375,459.0,210681.0
0.12354166666666666,451.0,203401.0
0.12364583333333333,468.0,219024.0
0.12375,463.0,214369.0
0.12385416666666667,448.0,200704.0
0.12395833333333334,465.0,216225.0
0.1240625,469.0,219961.0
0.12416666666666666,465.0,216225.0
0.12427083333333333,463.0,214369.0
0.124375,474.0,224676.0
0.12447916666666667,453.0,205209.0
0.12458333333333334,463.0,214369.0
0.1246875,461.0,212521.0
0.12479166666666666,475.0,225625.0
0.12489583333333333,452.0,204304.0
0.125,449.0,201601.0
0.12510416666666666,451.0,203401.0
0.12520833333333334,481.0,231361.0
0.1253125,454.0,206116.0
0.12541666666666668,456.0,207936.0
0.12552083333333333,461.0,212521.0
0.125625,467.0,218089.0
0.12572916666666667,452.0,204304.0
0.12583333333333332,464.0,215296.0
0.1259375,450.0,202500.0
0.12604166666666666,464.0,215296.0
0.12614583333333335,453.0,205209.0
0.12625,456.0,207936.0
0.12635416666666666,472.0,222784.0
0.12645833333333334,462.0,213444.0
0.1265625,454.0,206116.0
0.12666666666666668,462.0,213444.0
0.12677083333333333,466.0,217156.0
0.126875,468.0,219024.0
0.12697916666666667,452.0,204304.0
0.12708333333333333,455.0,207025.0
0.1271875,454.0,206116.0
0.12729166666666666,449.0,201601.0
0.12739583333333335,460.0,211600.0
0.1275,456.0,207936.0
0.12760416666666666,466.0,217156.0
0.12770833333333334,464.0,215296.0
0.1278125,461.0,212521.0
0.12791666666666668,476.0,226576.0
0.12802083333333333,470.0,220900.0
0.128125,469.0,219961.0
0.12822916666666667,456.0,207936.0
0.12833333333333333,466.0,217156.0
0.1284375,458.0,209764.0
0.12854166666666667,460.0,211600.0
0.12864583333333332,467.0,218089.0
0.12875,458.0,209764.0
0.12885416666666666,462.0,213444.0
0.12895833333333334,460.0,211600.0
0.1290625,451.0,203401.0
0.12916666666666668,458.0,209764.0
0.12927083333333333,480.0,230400.0
0.129375,473.0,223729.0
0.12947916666666667,459.0,210681.0
0.12958333333333333,447.0,199809.0
0.1296875,461.0,212521.0
0.12979166666666667,471.0,221841.0
0.12989583333333332,469.0,219961.0
0.13,468.0,219024.0
0.13010416666666666,471.0,221841.0
0.13020833333333334,451.0,203401.0
0.1303125,461.0,212521.0
0.13041666666666665,457.0,208849.0
0.13052083333333334,466.0,217156.0
0.130625,467.0,218089.0
0.13072916666666667,469.0,219961.0
0.13083333333333333,468.0,219024.0
0.1309375,477.0,227529.0
0.13104166666666667,464.0,215296.0
0.13114583333333332,460.0,211600.0
0.13125,457.0,208849.0
0.13135416666666666,458.0,209764.0
0.13145833333333334,460.0,211600.0
0.1315625,466.0,217156.0
0.13166666666666665,452.0,204304.0
0.13177083333333334,461.0,212521.0
0.131875,468.0,219024.0
0.13197916666666668,464.0,215296.0
0.13208333333333333,456.0,207936.0
0.1321875,478.0,228484.0
0.13229166666666667,457.0,208849.0
0.13239583333333332,459.0,210681.0
0.1325,468.0,219024.0
0.13260416666666666,470.0,220900.0
0.13270833333333334,465.0,216225.0
0.1328125,456.0,207936.0
0.13291666666666666,457.0,208849.0
0.13302083333333334,477.0,227529.0
0.133125,472.0,222784.0
0.13322916666666668,463.0,214369.0
0.13333333333333333,466.0,217156.0
0.1334375,467.0,218089.0
0.13354166666666667,479.0,229441.0
0.13364583333333332,458.0,209764.0
0.13375,456.0,207936.0
0.13385416666666666,465.0,216225.0
0.13395833333333335,466.0,217156.0
0.1340625,472.0,222784.0
0.13416666666666666,454.0,206116.0
0.13427083333333334,441.0,194481.0
0.134375,449.0,201601.0
0.13447916666666668,473.0,223729.0
0.13458333333333333,447.0,199809.0
0.1346875,468.0,219024.0
0.13479166666666667,456.0,207936.0
0.13489583333333333,470.0,220900.0
0.135,467.0,218089.0
0.13510416666666666,453.0,205209.0
0.13520833333333335,474.0,224676.0
0.1353125,460.0,211600.0
0.13541666666666666,472.0,222784.0
0.13552083333333334,460.0,211600.0
0.135625,466.0,217156.0
0.13572916666666668,475.0,225625.0
0.13583333333333333,454.0,206116.0
0.1359375,457.0,208849.0
0.13604166666666667,462.0,213444.0
0.13614583333333333,462.0,213444.0
0.13625,479.0,229441.0
0.13635416666666667,467.0,218089.0
0.13645833333333332,465.0,216225.0
0.1365625,458.0,209764.0
0.13666666666666666,466.0,217156.0
0.13677083333333334,455.0,207025.0
0.136875,461.0,212521.0
0.13697916666666668,457.0,208849.0
0.13708333333333333,467.0,218089.0
0.1371875,462.0,213444.0
0.13729166666666667,467.0,218089.0
0.13739583333333333,448.0,200704.0
0.1375,461.0,212521.0
0.13760416666666667,472.0,222784.0
0.13770833333333332,467.0,218089.0
0.1378125,477.0,227529.0
0.13791666666666666,458.0,209764.0
0.13802083333333334,471.0,221841.0
0.138125,462.0,213444.0
0.13822916666666665,471.0,221841.0
0.13833333333333334,470.0,220900.0
0.1384375,453.0,205209.0
0.13854166666666667,447.0,199809.0
0.13864583333333333,455.0,207025.0
0.13875,465.0,216225.0
0.13885416666666667,455.0,207025.0
0.13895833333333332,470.0,220900.0
0.1390625,485.0,235225.0
0.13916666666666666,484.0,234256.0
0.13927083333333334,460.0,211600.0
0.139375,461.0,212521.0
0.13947916666666665,460.0,211600.0
0.13958333333333334,473.0,223729.0
0.1396875,462.0,213444.0
0.13979166666666668,453.0,205209.0
0.13989583333333333,451.0,203401.0
0.14,467.0,218089.0
0.14010416666666667,457.0,208849.0
0.14020833333333332,461.0,212521.0
0.1403125,464.0,215296.0
0.14041666666666666,459.0,210681.0
0.14052083333333334,455.0,207025.0
0.140625,453.0,205209.0
0.14072916666666666,463.0,214369.0
0.14083333333333334,442.0,195364.0
0.1409375,458.0,209764.0
0.14104166666666668,467.0,218089.0
0.14114583333333333,463.0,214369.0
0.14125,457.0,208849.0
0.14135416666666667,469.0,219961.0
0.14145833333333332,454.0,206116.0
0.1415625,451.0,203401.0
0.14166666666666666,465.0,216225.0
0.14177083333333335,447.0,199809.0
0.141875,464.0,215296.0
0.14197916666666666,460.0,211600.0
0.14208333333333334,470.0,220900.0
0.1421875,459.0,210681.0
0.14229166666666668,457.0,208849.0
0.14239583333333333,460.0,211600.0
0.1425,448.0,200704.0
0.14260416666666667,466.0,217156.0
0.14270833333333333,471.0,221841.0
0.1428125,473.0,223729.0
0.14291666666666666,456.0,207936.0
0.14302083333333335,473.0,223729.0
0.143125,447.0,199809.0
0.14322916666666666,444.0,197136.0
0.14333333333333334,469.0,219961.0
0.1434375,470.0,220900.0
0.14354166666666668,474.0,224676.0
0.14364583333333333,460.0,211600.0
0.14375,461.0,212521.0
0.14385416666666667,461.0,212521.0
0.14395833333333333,458.0,209764.0
0.1440625,475.0,225625.0
0.14416666666666667,450.0,202500.0
0.14427083333333332,426.0,181476.0
0.144375,441.0,194481.0
0.14447916666666666,472.0,222784.0
0.14458333333333334,454.0,206116.0
0.1446875,455.0,207025.0
0.14479166666666668,470.0,220900.0
0.14489583333333333,465.0,216225.0
0.145,445.0,198025.0
0.14510416666666667,464.0,215296.0
0.14520833333333333,452.0,204304.0
0.1453125,447.0,199809.0
0.14541666666666667,461.0,212521.0
0.14552083333333332,458.0,209764.0
0.145625,451.0,203401.0
0.14572916666666666,467.0,218089.0
0.14583333333333334,457.0,208849.0
0.1459375,449.0,201601.0
0.14604166666666665,458.0,209764.0
0.14614583333333334,467.0,218089.0
0.14625,447.0,199809.0
0.14635416666666667,466.0,217156.0
0.14645833333333333,459.0,210681.0
0.1465625,458.0,209764.0
0.14666666666666667,449.0,201601.0
0.14677083333333332,462.0,213444.0
0.146875,457.0,208849.0
0.14697916666666666,464.0,215296.0
0.14708333333333334,473.0,223729.0
0.1471875,474.0,224676.0
0.14729166666666665,469.0,219961.0
0.14739583333333334,445.0,198025.0
0.1475,450.0,202500.0
0.14760416666666668,465.0,216225.0
0.14770833333333333,454.0,206116.0
0.1478125,457.0,208849.0
0.14791666666666667,443.0,196249.0
0.14802083333333332,459.0,210681.0
0.148125,459.0,210681.0
0.14822916666666666,467.0,218089.0
0.14833333333333334,465.0,216225.0
0.1484375,462.0,213444.0
0.14854166666666666,461.0,212521.0
0.14864583333333334,444.0,197136.0
0.14875,463.0,214369.0
0.14885416666666668,457.0,208849.0
0.14895833333333333,460.0,211600.0
0.1490625,459.0,210681.0
0.14916666666666667,455.0,207025.0
0.14927083333333332,444.0,197136.0
0.149375,460.0,211600.0
0.14947916666666666,470.0,220900.0
0.14958333333333335,461.0,212521.0
0.1496875,457.0,208849.0
0.14979166666666666,468.0,219024.0
0.14989583333333334,460.0,211600.0
0.15,471.0,221841.0
0.15010416666666668,459.0,210681.0
0.15020833333333333,456.0,207936.0
0.1503125,472.0,222784.0
0.15041666666666667,448.0,200704.0
0.15052083333333333,452.0,204304.0
0.150625,467.0,218089.0
0.15072916666666666,460.0,211600.0
0.15083333333333335,469.0,219961.0
0.1509375,450.0,202500.0
0.15104166666666666,462.0,213444.0
0.15114583333333334,459.0,210681.0
0.15125,468.0,219024.0
0.15135416666666668,473.0,223729.0
0.15145833333333333,464.0,215296.0
0.1515625,468.0,219024.0
0.15166666666666667,464.0,215296.0
0.15177083333333333,476.0,226576.0
0.151875,457.0,208849.0
0.15197916666666667,458.0,209764.0
0.15208333333333332,453.0,205209.0
0.1521875,453.0,205209.0
0.15229166666666666,465.0,216225.0
0.15239583333333334,446.0,198916.0
0.1525,462.0,213444.0
0.15260416666666668,455.0,207025.0
0.15270833333333333,463.0,214369.0
0.1528125,471.0,221841.0
0.15291666666666667,460.0,211600.0
0.15302083333333333,459.0,210681.0
0.153125,459.0,210681.0
0.15322916666666667,459.0,210681.0
0.15333333333333332,451.0,203401.0
0.1534375,458.0,209764.0
0.15354166666666666,453.0,205209.0
0.15364583333333334,466.0,217156.0
0.15375,465.0,216225.0
0.15385416666666665,479.0,229441.0
0.15395833333333334,460.0,211600.0
0.1540625,447.0,199809.0
0.15416666666666667,463.0,214369.0
0.15427083333333333,475.0,225625.0
0.154375,457.0,208849.0
0.15447916666666667,461.0,212521.0
0.15458333333333332,465.0,216225.0
0.1546875,455.0,207025.0
0.15479166666666666,460.0,211600.0
0.15489583333333334,441.0,194481.0
0.155,471.0,221841.0
0.15510416666666665,445.0,198025.0
0.15520833333333334,459.0,210681.0
0.1553125,465.0,216225.0
0.15541666666666668,461.0,212521.0
0.15552083333333333,466.0,217156.0
0.155625,457.0,208849.0
0.15572916666666667,450.0,202500.0
0.15583333333333332,457.0,208849.0
0.1559375,477.0,227529.0
0.15604166666666666,461.0,212521.0
0.15614583333333334,465.0,216225.0
0.15625,462.0,213444.0
0.15635416666666666,458.0,209764.0
0.15645833333333334,462.0,213444.0
0.1565625,465.0,216225.0
0.15666666666666668,459.0,210681.0
0.15677083333333333,471.0,221841.0
0.156875,466.0,217156.0
0.15697916666666667,471.0,221841.0
0.15708333333333332,466.0,217156.0
0.1571875,442.0,195364.0
0.15729166666666666,454.0,206116.0
0.15739583333333335,460.0,211600.0
0.1575,489.0,239121.0
0.15760416666666666,466.0,217156.0
0.15770833333333334,465.0,216225.0
0.1578125,450.0,202500.0
0.15791666666666668,470.0,220900.0
0.15802083333333333,460.0,211600.0
0.158125,465.0,216225.0
0.15822916666666667,461.0,212521.0
0.15833333333333333,463.0,214369.0
0.1584375,461.0,212521.0
0.15854166666666666,480.0,230400.0
0.15864583333333335,441.0,194481.0
0.15875,459.0,210681.0
0.15885416666666666,467.0,218089.0
0.15895833333333334,458.0,209764.0
0.1590625,475.0,225625.0
0.15916666666666668,457.0,208849.0
0.15927083333333333,456.0,207936.0
0.159375,453.0,205209.0
0.15947916666666667,451.0,203401.0
0.15958333333333333,458.0,209764.0
0.1596875,462.0,213444.0
0.15979166666666667,456.0,207936.0
0.15989583333333332,468.0,219024.0
0.16,460.0,211600.0
0.16010416666666666,450.0,202500.0
0.16020833333333334,465.0,216225.0
0.1603125,466.0,217156.0
0.16041666666666668,466.0,217156.0
0.16052083333333333,467.0,218089.0
0.160625,452.0,204304.0
0.16072916666666667,455.0,207025.0
0.16083333333333333,460.0,211600.0
0.1609375,435.0,189225.0
0.16104166666666667,447.0,199809.0
0.16114583333333332,459.0,210681.0
0.16125,464.0,215296.0
0.16135416666666666,462.0,213444.0
0.16145833333333334,464.0,215296.0
0.1615625,451.0,203401.0
0.16166666666666665,457.0,208849.0
0.16177083333333334,472.0,222784.0
0.161875,460.0,211600.0
0.16197916666666667,464.0,215296.0
0.16208333333333333,455.0,207025.0
0.1621875,463.0,214369.0
0.16229166666666667,462.0,213444.0
0.16239583333333332,461.0,212521.0
0.1625,460.0,211600.0
0.16260416666666666,459.0,210681.0
0.16270833333333334,467.0,218089.0
0.1628125,457.0,208849.0
0.16291666666666665,471.0,221841.0
0.16302083333333334,478.0,228484.0
0.163125,451.0,203401.0
0.16322916666666668,457.0,208849.0
0.16333333333333333,447.0,199809.0
0.1634375,477.0,227529.0
0.16354166666666667,455.0,207025.0
0.16364583333333332,479.0,229441.0
0.16375,448.0,200704.0
0.16385416666666666,459.0,210681.0
0.16395833333333334,475.0,225625.0
0.1640625,467.0,218089.0
0.16416666666666666,465.0,216225.0
0.16427083333333334,471.0,221841.0
0.164375,462.0,213444.0
0.16447916666666668,465.0,216225.0
0.16458333333333333,457.0,208849.0
0.1646875,460.0,211600.0
0.16479166666666667,463.0,214369.0
0.16489583333333332,459.0,210681.0
0.165,463.0,214369.0
0.16510416666666666,459.0,210681.0
0.16520833333333335,463.0,214369.0
0.1653125,479.0,229441.0
0.16541666666666666,463.0,214369.0
0.16552083333333334,463.0,214369.0
0.165625,455.0,207025.0
0.16572916666666668,461.0,212521.0
0.16583333333333333,464.0,215296.0
0.1659375,463.0,214369.0
0.16604166666666667,463.0,214369.0
0.16614583333333333,458.0,209764.0
0.16625,465.0,216225.0
0.16635416666666666,450.0,202500.0
0.16645833333333335,454.0,206116.0
0.1665625,469.0,219961.0
0.16666666666666666,470.0,220900.0
0.16677083333333334,477.0,227529.0
0.166875,450.0,202500.0
0.16697916666666668,450.0,202500.0
0.16708333333333333,456.0,207936.0
0.1671875,468.0,219024.0
0.16729166666666667,453.0,205209.0
0.16739583333333333,466.0,217156.0
0.1675,462.0,213444.0
0.16760416666666667,443.0,196249.0
0.16770833333333332,460.0,211600.0
0.1678125,458.0,209764.0
0.16791666666666666,450.0,202500.0
0.16802083333333334,458.0,209764.0
0.168125,469.0,219961.0
0.16822916666666668,464.0,215296.0
0.16833333333333333,454.0,206116.0
0.1684375,476.0,226576.0
0.16854166666666667,466.0,217156.0
0.16864583333333333,454.0,206116.0
0.16875,460.0,211600.0
0.16885416666666667,468.0,219024.0
0.16895833333333332,434.0,188356.0
0.1690625,458.0,209764.0
0.16916666666666666,453.0,205209.0
0.16927083333333334,466.0,217156.0
0.169375,461.0,212521.0
0.16947916666666665,464.0,215296.0
0.16958333333333334,467.0,218089.0
0.1696875,457.0,208849.0
0.16979166666666667,464.0,215296.0
0.16989583333333333,463.0,214369.0
0.17,450.0,202500.0
0.17010416666666667,462.0,213444.0
0.17020833333333332,455.0,207025.0
0.1703125,462.0,213444.0
0.17041666666666666,461.0,212521.0
0.17052083333333334,447.0,199809.0
0.170625,475.0,225625.0
0.17072916666666665,463.0,214369.0
0.17083333333333334,463.0,214369.0
0.1709375,472.0,222784.0
0.17104166666666668,453.0,205209.0
0.17114583333333333,461.0,212521.0
0.17125,457.0,208849.0
0.17135416666666667,463.0,214369.0
0.17145833333333332,447.0,199809.0
0.1715625,452.0,204304.0
0.17166666666666666,477.0,227529.0
0.17177083333333334,451.0,203401.0
0.171875,458.0,209764.0
0.17197916666666666,464.0,215296.0
0.17208333333333334,472.0,222784.0
0.1721875,469.0,219961.0
0.17229166666666668,472.0,222784.0
0.17239583333333333,448.0,200704.0
0.1725,449.0,201601.0
0.17260416666666667,471.0,221841.0
0.17270833333333332,466.0,217156.0
0.1728125,466.0,217156.0
0.17291666666666666,454.0,206116.0
0.17302083333333335,462.0,213444.0
0.173125,449.0,201601.0
0.17322916666666666,467.0,218089.0
0.17333333333333334,452.0,204304.0
0.1734375,450.0,202500.0
0.17354166666666668,444.0,197136.0
0.17364583333333333,456.0,207936.0
0.17375,453.0,205209.0
0.17385416666666667,470.0,220900.0
0.17395833333333333,460.0,211600.0
0.1740625,458.0,209764.0
0.17416666666666666,458.0,209764.0
0.17427083333333335,453.0,205209.0
0.174375,456.0,207936.0
0.17447916666666666,474.0,224676.0
0.17458333333333334,466.0,217156.0
0.1746875,454.0,206116.0
0.17479166666666668,455.0,207025.0
0.17489583333333333,445.0,198025.0
0.175,461.0,212521.0
0.17510416666666667,464.0,215296.0
0.17520833333333333,463.0,214369.0
0.1753125,453.0,205209.0
0.17541666666666667,457.0,208849.0
0.17552083333333332,447.0,199809.0
0.175625,460.0,211600.0
0.17572916666666666,461.0,212521.0
0.17583333333333334,459.0,210681.0
0.1759375,469.0,219961.0
0.17604166666666668,465.0,216225.0
0.17614583333333333,455.0,207025.0
0.17625,471.0,221841.0
0.17635416666666667,445.0,198025.0
0.17645833333333333,458.0,209764.0
0.1765625,451.0,203401.0
0.17666666666666667,447.0,199809.0
0.17677083333333332,472.0,222784.0
0.176875,460.0,211600.0
0.17697916666666666,459.0,210681.0
0.17708333333333334,462.0,213444.0
0.1771875,461.0,212521.0
0.17729166666666665,453.0,205209.0
0.17739583333333334,464.0,215296.0
0.1775,455.0,207025.0
0.17760416666666667,460.0,211600.0
0.17770833333333333,457.0,208849.0
0.1778125,467.0,218089.0
0.17791666666666667,465.0,216225.0
0.17802083333333332,469.0,219961.0
0.178125,458.0,209764.0
0.17822916666666666,464.0,215296.0
0.17833333333333334,462.0,213444.0
0.1784375,448.0,200704.0
0.17854166666666665,469.0,219961.0
0.17864583333333334,456.0,207936.0
0.17875,466.0,217156.0
0.17885416666666668,452.0,204304.0
0.17895833333333333,461.0,212521.0
0.1790625,463.0,214369.0
0.17916666666666667,459.0,210681.0
0.17927083333333332,457.0,208849.0
0.179375,465.0,216225.0
0.17947916666666666,468.0,219024.0
0.17958333333333334,447.0,199809.0
0.1796875,459.0,210681.0
0.17979166666666666,455.0,207025.0
0.17989583333333334,464.0,215296.0
0.18,463.0,214369.0
0.18010416666666668,469.0,219961.0
0.18020833333333333,451.0,203401.0
0.1803125,451.0,203401.0
0.18041666666666667,457.0,208849.0
0.18052083333333332,467.0,218089.0
0.180625,462.0,213444.0
0.18072916666666666,457.0,208849.0
0.18083333333333335,450.0,202500.0
0.1809375,463.0,214369.0
0.18104166666666666,455.0,207025.0
0.18114583333333334,476.0,226576.0
0.18125,469.0,219961.0
0.18135416666666668,461.0,212521.0
0.18145833333333333,458.0,209764.0
0.1815625,460.0,211600.0
0.18166666666666667,460.0,211600.0
0.18177083333333333,465.0,216225.0
0.181875,466.0,217156.0
0.18197916666666666,455.0,207025.0
0.18208333333333335,459.0,210681.0
0.1821875,453.0,205209.0
0.18229166666666666,470.0,220900.0
0.18239583333333334,449.0,201601.0
0.1825,471.0,221841.0
0.18260416666666668,467.0,218089.0
0.18270833333333333,474.0,224676.0
0.1828125,472.0,222784.0
0.18291666666666667,458.0,209764.0
0.18302083333333333,453.0,205209.0
0.183125,454.0,206116.0
0.18322916666666667,467.0,218089.0
0.18333333333333332,464.0,215296.0
0.1834375,482.0,232324.0
0.18354166666666666,446.0,198916.0
0.18364583333333334,468.0,219024.0
0.18375,463.0,214369.0
0.18385416666666668,462.0,213444.0
0.18395833333333333,467.0,218089.0
0.1840625,455.0,207025.0
0.18416666666666667,461.0,212521.0
0.18427083333333333,463.0,214369.0
0.184375,468.0,219024.0
0.18447916666666667,442.0,195364.0
0.18458333333333332,459.0,210681.0
0.1846875,461.0,212521.0
0.18479166666666666,465.0,216225.0
0.18489583333333334,468.0,219024.0
0.185,473.0,223729.0
0.18510416666666665,463.0,214369.0
0.18520833333333334,475.0,225625.0
0.1853125,461.0,212521.0
0.18541666666666667,462.0,213444.0
0.18552083333333333,457.0,208849.0
0.185625,464.0,215296.0
0.18572916666666667,481.0,231361.0
0.18583333333333332,463.0,214369.0
0.1859375,463.0,214369.0
0.18604166666666666,445.0,198025.0
0.18614583333333334,456.0,207936.0
0.18625,475.0,225625.0
0.18635416666666665,467.0,218089.0
0.18645833333333334,459.0,210681.0
0.1865625,455.0,207025.0
0.18666666666666668,465.0,216225.0
0.18677083333333333,465.0,216225.0
0.186875,453.0,205209.0
0.18697916666666667,453.0,205209.0
0.18708333333333332,458.0,209764.0
0.1871875,463.0,214369.0
0.18729166666666666,477.0,227529.0
0.18739583333333334,467.0,218089.0
0.1875,441.0,194481.0
0.18760416666666666,464.0,215296.0
0.18770833333333334,462.0,213444.0
0.1878125,447.0,199809.0
0.18791666666666668,467.0,218089.0
0.18802083333333333,459.0,210681.0
0.188125,467.0,218089.0
0.18822916666666667,464.0,215296.0
0.18833333333333332,479.0,229441.0
0.1884375,479.0,229441.0
0.18854166666666666,448.0,200704.0
0.18864583333333335,465.0,216225.0
0.18875,463.0,214369.0
0.18885416666666666,440.0,193600.0
0.18895833333333334,451.0,203401.0
0.1890625,468.0,219024.0
0.18916666666666668,455.0,207025.0
0.18927083333333333,469.0,219961.0
0.189375,450.0,202500.0
0.18947916666666667,456.0,207936.0
0.18958333333333333,448.0,200704.0
0.1896875,459.0,210681.0
0.18979166666666666,459.0,210681.0
0.18989583333333335,460.0,211600.0
0.19,448.0,200704.0
0.19010416666666666,460.0,211600.0
0.19020833333333334,455.0,207025.0
0.1903125,464.0,215296.0
0.19041666666666668,460.0,211600.0
0.19052083333333333,457.0,208849.0
0.190625,459.0,210681.0
0.19072916666666667,447.0,199809.0
0.19083333333333333,454.0,206116.0
0.1909375,462.0,213444.0
0.19104166666666667,447.0,199809.0
0.19114583333333332,453.0,205209.0
0.19125,452.0,204304.0
0.19135416666666666,461.0,212521.0
0.19145833333333334,464.0,215296.0
0.1915625,471.0,221841.0
0.19166666666666668,449.0,201601.0
0.19177083333333333,462.0,213444.0
0.191875,461.0,212521.0
0.19197916666666667,474.0,224676.0
0.19208333333333333,457.0,208849.0
0.1921875,456.0,207936.0
0.19229166666666667,472.0,222784.0
0.19239583333333332,473.0,223729.0
0.1925,461.0,212521.0
0.19260416666666666,451.0,203401.0
0.19270833333333334,470.0,220900.0
0.1928125,458.0,209764.0
0.19291666666666665,461.0,212521.0
0.19302083333333334,464.0,215296.0
0.193125,464.0,215296.0
0.19322916666666667,481.0,231361.0
0.19333333333333333,465.0,216225.0
0.1934375,467.0,218089.0
0.19354166666666667,462.0,213444.0
0.19364583333333332,478.0,228484.0
0.19375,485.0,235225.0
0.19385416666666666,454.0,206116.0
0.19395833333333334,469.0,219961.0
0.1940625,456.0,207936.0
0.19416666666666665,455.0,207025.0
0.19427083333333334,457.0,208849.0
0.194375,470.0,220900.0
0.19447916666666668,463.0,214369.0
0.19458333333333333,461.0,212521.0
0.1946875,455.0,207025.0
0.19479166666666667,459.0,210681.0
0.19489583333333332,466.0,217156.0
0.195,457.0,208849.0
0.19510416666666666,459.0,210681.0
0.19520833333333334,443.0,196249.0
0.1953125,451.0,203401.0
0.19541666666666666,474.0,224676.0
0.19552083333333334,470.0,220900.0
0.195625,469.0,219961.0
0.19572916666666668,471.0,221841.0
0.19583333333333333,455.0,207025.0
0.1959375,463.0,214369.0
0.19604166666666667,454.0,206116.0
0.19614583333333332,466.0,217156.0
0.19625,457.0,208849.0
0.19635416666666666,444.0,197136.0
0.19645833333333335,453.0,205209.0
0.1965625,452.0,204304.0
0.19666666666666666,468.0,219024.0
0.19677083333333334,467.0,218089.0
0.196875,463.0,214369.0
0.19697916666666668,477.0,227529.0
0.19708333333333333,451.0,203401.0
0.1971875,475.0,225625.0
0.19729166666666667,456.0,207936.0
0.19739583333333333,453.0,205209.0
0.1975,474.0,224676.0
0.19760416666666666,465.0,216225.0
0.19770833333333335,476.0,226576.0
0.1978125,463.0,214369.0
0.19791666666666666,468.0,219024.0
0.19802083333333334,472.0,222784.0
0.198125,463.0,214369.0
0.19822916666666668,480.0,230400.0
0.19833333333333333,478.0,228484.0
0.1984375,468.0,219024.0
0.19854166666666667,468.0,219024.0
0.19864583333333333,474.0,224676.0
0.19875,463.0,214369.0
0.19885416666666667,448.0,200704.0
0.19895833333333332,452.0,204304.0
0.1990625,457.0,208849.0
0.19916666666666666,472.0,222784.0
0.19927083333333334,461.0,212521.0
0.199375,471.0,221841.0
0.19947916666666668,466.0,217156.0
0.19958333333333333,447.0,199809.0
0.1996875,454.0,206116.0
0.19979166666666667,463.0,214369.0
0.19989583333333333,463.0,214369.0
0.2,462.0,213444.0
0.20010416666666667,451.0,203401.0
0.20020833333333332,467.0,218089.0
0.2003125,455.0,207025.0
0.20041666666666666,457.0,208849.0
0.20052083333333334,456.0,207936.0
0.200625,463.0,214369.0
0.20072916666666665,452.0,204304.0
0.20083333333333334,448.0,200704.0
0.2009375,461.0,212521.0
0.20104166666666667,449.0,201601.0
0.20114583333333333,465.0,216225.0
0.20125,457.0,208849.0
0.20135416666666667,460.0,211600.0
0.20145833333333332,470.0,220900.0
0.2015625,452.0,204304.0
0.20166666666666666,473.0,223729.0
0.20177083333333334,469.0,219961.0
0.201875,467.0,218089.0
0.20197916666666665,446.0,198916.0
0.20208333333333334,453.0,205209.0
0.2021875,458.0,209764.0
0.20229166666666668,449.0,201601.0
0.20239583333333333,456.0,207936.0
0.2025,456.0,207936.0
0.20260416666666667,456.0,207936.0
0.20270833333333332,446.0,198916.0
0.2028125,487.0,237169.0
0.20291666666666666,446.0,198916.0
0.20302083333333334,459.0,210681.0
0.203125,455.0,207025.0
0.20322916666666666,453.0,205209.0
0.20333333333333334,447.0,199809.0
0.2034375,481.0,231361.0
0.20354166666666668,485.0,235225.0
0.20364583333333333,467.0,218089.0
0.20375,452.0,204304.0
0.20385416666666667,459.0,210681.0
0.20395833333333332,453.0,205209.0
0.2040625,466.0,217156.0
0.20416666666666666,471.0,221841.0
0.20427083333333335,464.0,215296.0
0.204375,464.0,215296.0
0.20447916666666666,475.0,225625.0
0.20458333333333334,452.0,204304.0
0.2046875,467.0,218089.0
0.20479166666666668,470.0,220900.0
0.20489583333333333,474.0,224676.0
0.205,474.0,224676.0
0.20510416666666667,458.0,209764.0
0.20520833333333333,449.0,201601.0
0.2053125,452.0,204304.0
0.20541666666666666,463.0,214369.0
0.20552083333333335,476.0,226576.0
0.205625,468.0,219024.0
0.20572916666666666,462.0,213444.0
0.20583333333333334,455.0,207025.0
0.2059375,451.0,203401.0
0.20604166666666668,448.0,200704.0
0.20614583333333333,468.0,219024.0
0.20625,452.0,204304.0
0.20635416666666667,453.0,205209.0
0.20645833333333333,463.0,214369.0
0.2065625,479.0,229441.0
0.20666666666666667,474.0,224676.0
0.20677083333333332,454.0,206116.0
0.206875,448.0,200704.0
0.20697916666666666,461.0,212521.0
0.20708333333333334,441.0,194481.0
0.2071875,461.0,212521.0
0.20729166666666668,466.0,217156.0
0.20739583333333333,456.0,207936.0
0.2075,462.0,213444.0
0.20760416666666667,462.0,213444.0
0.20770833333333333,460.0,211600.0
0.2078125,444.0,197136.0
0.20791666666666667,451.0,203401.0
0.20802083333333332,460.0,211600.0
0.208125,441.0,194481.0
0.20822916666666666,452.0,204304.0
0.20833333333333334,456.0,207936.0
0.2084375,462.0,213444.0
0.20854166666666665,457.0,208849.0
0.20864583333333334,461.0,212521.0
0.20875,455.0,207025.0
0.20885416666666667,448.0,200704.0
0.20895833333333333,462.0,213444.0
0.2090625,460.0,211600.0
0.20916666666666667,451.0,203401.0
0.20927083333333332,454.0,206116.0
0.209375,473.0,223729.0
0.20947916666666666,465.0,216225.0
0.20958333333333334,458.0,209764.0
0.2096875,461.0,212521.0
0.20979166666666665,472.0,222784.0
0.20989583333333334,472.0,222784.0
0.21,450.0,202500.0
0.21010416666666668,454.0,206116.0
0.21020833333333333,451.0,203401.0
0.2103125,460.0,211600.0
0.21041666666666667,452.0,204304.0
0.21052083333333332,460.0,211600.0
0.210625,468.0,219024.0
0.21072916666666666,452.0,204304.0
0.21083333333333334,436.0,190096.0
0.2109375,458.0,209764.0
0.21104166666666666,470.0,220900.0
0.21114583333333334,456.0,207936.0
0.21125,452.0,204304.0
0.21135416666666668,460.0,211600.0
0.21145833333333333,464.0,215296.0
0.2115625,461.0,212521.0
0.21166666666666667,472.0,222784.0
0.21177083333333332,456.0,207936.0
0.211875,462.0,213444.0
0.21197916666666666,474.0,224676.0
0.21208333333333335,445.0,198025.0
0.2121875,457.0,208849.0
0.21229166666666666,452.0,204304.0
0.21239583333333334,458.0,209764.0
0.2125,448.0,200704.0
0.21260416666666668,458.0,209764.0
0.21270833333333333,459.0,210681.0
0.2128125,461.0,212521.0
0.21291666666666667,443.0,196249.0
0.21302083333333333,451.0,203401.0
0.213125,460.0,211600.0
0.21322916666666666,460.0,211600.0
0.21333333333333335,468.0,219024.0
0.2134375,448.0,200704.0
0.21354166666666666,456.0,207936.0
0.21364583333333334,446.0,198916.0
0.21375,456.0,207936.0
0.21385416666666668,452.0,204304.0
0.21395833333333333,451.0,203401.0
0.2140625,443.0,196249.0
0.21416666666666667,446.0,198916.0
0.21427083333333333,460.0,211600.0
0.214375,449.0,201601.0
0.21447916666666667,466.0,217156.0
0.21458333333333332,454.0,206116.0
0.2146875,450.0,202500.0
0.21479166666666666,442.0,195364.0
0.21489583333333334,453.0,205209.0
0.215,449.0,201601.0
0.21510416666666668,454.0,206116.0
0.21520833333333333,472.0,222784.0
0.2153125,464.0,215296.0
0.21541666666666667,444.0,197136.0
0.21552083333333333,455.0,207025.0
0.215625,440.0,193600.0
0.21572916666666667,450.0,202500.0
0.21583333333333332,440.0,193600.0
0.2159375,465.0,216225.0
0.21604166666666666,454.0,206116.0
0.21614583333333334,463.0,214369.0
0.21625,450.0,202500.0
0.21635416666666665,464.0,215296.0
0.21645833333333334,451.0,203401.0
0.2165625,452.0,204304.0
0.21666666666666667,447.0,199809.0
0.21677083333333333,444.0,197136.0
0.216875,473.0,223729.0
0.21697916666666667,461.0,212521.0
0.21708333333333332,466.0,217156.0
0.2171875,460.0,211600.0
0.21729166666666666,462.0,213444.0
0.21739583333333334,458.0,209764.0
0.2175,458.0,209764.0
0.21760416666666665,470.0,220900.0
0.21770833333333334,473.0,223729.0
0.2178125,453.0,205209.0
0.21791666666666668,458.0,209764.0
0.21802083333333333,467.0,218089.0
0.218125,466.0,217156.0
0.21822916666666667,439.0,192721.0
0.21833333333333332,458.0,209764.0
0.2184375,471.0,221841.0
0.21854166666666666,467.0,218089.0
0.21864583333333334,470.0,220900.0
0.21875,469.0,219961.0
0.21885416666666666,437.0,190969.0
0.21895833333333334,462.0,213444.0
0.2190625,456.0,207936.0
0.21916666666666668,445.0,198025.0
0.21927083333333333,457.0,208849.0
0.219375,446.0,198916.0
0.21947916666666667,450.0,202500.0
0.21958333333333332,459.0,210681.0
0.2196875,441.0,194481.0
0.21979166666666666,455.0,207025.0
0.21989583333333335,463.0,214369.0
0.22,458.0,209764.0
0.22010416666666666,467.0,218089.0
0.22020833333333334,474.0,224676.0
0.2203125,469.0,219961.0
0.22041666666666668,453.0,205209.0
0.22052083333333333,465.0,216225.0
0.220625,455.0,207025.0
0.22072916666666667,456.0,207936.0
0.22083333333333333,486.0,236196.0
0.2209375,465.0,216225.0
0.22104166666666666,459.0,210681.0
0.22114583333333335,463.0,214369.0
0.22125,468.0,219024.0
0.22135416666666666,478.0,228484.0
0.22145833333333334,443.0,196249.0
0.2215625,473.0,223729.0
0.22166666666666668,463.0,214369.0
0.22177083333333333,474.0,224676.0
0.221875,448.0,200704.0
0.22197916666666667,449.0,201601.0
0.22208333333333333,450.0,202500.0
0.2221875,447.0,199809.0
0.22229166666666667,470.0,220900.0
0.22239583333333332,463.0,214369.0
0.2225,462.0,213444.0
0.22260416666666666,452.0,204304.0
0.22270833333333334,483.0,233289.0
0.2228125,444.0,197136.0
0.22291666666666668,451.0,203401.0
0.22302083333333333,460.0,211600.0
0.223125,466.0,217156.0
0.22322916666666667,445.0,198025.0
0.22333333333333333,450.0,202500.0
0.2234375,464.0,215296.0
0.22354166666666667,477.0,227529.0
0.22364583333333332,466.0,217156.0
0.22375,463.0,214369.0
0.22385416666666666,476.0,226576.0
0.22395833333333334,460.0,211600.0
0.2240625,479.0,229441.0
0.22416666666666665,472.0,222784.0
0.22427083333333334,457.0,208849.0
0.224375,466.0,217156.0
0.22447916666666667,460.0,211600.0
0.22458333333333333,465.0,216225.0
0.2246875,464.0,215296.0
0.22479166666666667,467.0,218089.0
0.22489583333333332,457.0,208849.0
0.225,470.0,220900.0
0.22510416666666666,479.0,229441.0
0.22520833333333334,455.0,207025.0
0.2253125,452.0,204304.0
0.22541666666666665,455.0,207025.0
0.22552083333333334,449.0,201601.0
0.225625,459.0,210681.0
0.22572916666666668,457.0,208849.0
0.22583333333333333,458.0,209764.0
0.2259375,464.0,215296.0
0.22604166666666667,465.0,216225.0
0.22614583333333332,463.0,214369.0
0.22625,470.0,220900.0
0.22635416666666666,466.0,217156.0
0.22645833333333334,452.0,204304.0
0.2265625,464.0,215296.0
0.22666666666666666,460.0,211600.0
0.22677083333333334,468.0,219024.0
0.226875,460.0,211600.0
0.22697916666666668,456.0,207936.0
0.22708333333333333,480.0,230400.0
0.2271875,462.0,213444.0
0.22729166666666667,459.0,210681.0
0.22739583333333332,446.0,198916.0
0.2275,463.0,214369.0
0.22760416666666666,456.0,207936.0
0.22770833333333335,453.0,205209.0
0.2278125,467.0,218089.0
0.22791666666666666,466.0,217156.0
0.22802083333333334,456.0,207936.0
0.228125,458.0,209764.0
0.22822916666666668,451.0,203401.0
0.22833333333333333,466.0,217156.0
0.2284375,450.0,202500.0
0.22854166666666667,459.0,210681.0
0.22864583333333333,457.0,208849.0
0.22875,451.0,203401.0
0.22885416666666666,460.0,211600.0
0.22895833333333335,464.0,215296.0
0.2290625,453.0,205209.0
0.22916666666666666,443.0,196249.0
0.22927083333333334,461.0,212521.0
0.229375,465.0,216225.0
0.22947916666666668,453.0,205209.0
0.22958333333333333,455.0,207025.0
0.2296875,437.0,190969.0
0.22979166666666667,466.0,217156.0
0.22989583333333333,471.0,221841.0
0.23,453.0,205209.0
0.23010416666666667,451.0,203401.0
0.23020833333333332,452.0,204304.0
0.2303125,447.0,199809.0
0.23041666666666666,464.0,215296.0
0.23052083333333334,460.0,211600.0
0.230625,469.0,219961.0
0.23072916666666668,454.0,206116.0
0.23083333333333333,452.0,204304.0
0.2309375,464.0,215296.0
0.23104166666666667,443.0,196249.0
0.23114583333333333,463.0,214369.0
0.23125,457.0,208849.0
0.23135416666666667,450.0,202500.0
0.23145833333333332,469.0,219961.0
0.2315625,451.0,203401.0
0.23166666666666666,445.0,198025.0
0.23177083333333334,452.0,204304.0
0.231875,457.0,208849.0
0.23197916666666665,456.0,207936.0
0.23208333333333334,462.0,213444.0
0.2321875,458.0,209764.0
0.23229166666666667,464.0,215296.0
0.23239583333333333,464.0,215296.0
0.2325,460.0,211600.0
0.23260416666666667,449.0,201601.0
0.23270833333333332,462.0,213444.0
0.2328125,476.0,226576.0
0.23291666666666666,456.0,207936.0
0.23302083333333334,466.0,217156.0
0.233125,453.0,205209.0
0.23322916666666665,456.0,207936.0
0.23333333333333334,446.0,198916.0
0.2334375,456.0,207936.0
0.23354166666666668,454.0,206116.0
0.23364583333333333,440.0,193600.0
0.23375,456.0,207936.0
0.23385416666666667,464.0,215296.0
0.23395833333333332,467.0,218089.0
0.2340625,462.0,213444.0
0.23416666666666666,472.0,222784.0
0.23427083333333334,459.0,210681.0
0.234375,468.0,219024.0
0.23447916666666666,462.0,213444.0
0.23458333333333334,468.0,219024.0
0.2346875,440.0,193600.0
0.23479166666666668,463.0,214369.0
0.23489583333333333,466.0,217156.0
0.235,471.0,221841.0
0.23510416666666667,451.0,203401.0
0.23520833333333332,451.0,203401.0
0.2353125,459.0,210681.0
0.23541666666666666,457.0,208849.0
0.23552083333333335,470.0,220900.0
0.235625,449.0,201601.0
0.23572916666666666,469.0,219961.0
0.23583333333333334,463.0,214369.0
0.2359375,451.0,203401.0
0.23604166666666668,454.0,206116.0
0.23614583333333333,458.0,209764.0
0.23625,454.0,206116.0
0.23635416666666667,453.0,205209.0
0.23645833333333333,464.0,215296.0
0.2365625,446.0,198916.0
0.23666666666666666,459.0,210681.0
0.23677083333333335,442.0,195364.0
0.236875,447.0,199809.0
0.23697916666666666,464.0,215296.0
0.23708333333333334,437.0,190969.0
0.2371875,461.0,212521.0
0.23729166666666668,451.0,203401.0
0.23739583333333333,449.0,201601.0
0.2375,452.0,204304.0
0.23760416666666667,453.0,205209.0
0.23770833333333333,448.0,200704.0
0.2378125,465.0,216225.0
0.23791666666666667,477.0,227529.0
0.23802083333333332,474.0,224676.0
0.238125,462.0,213444.0
0.23822916666666666,450.0,202500.0
0.23833333333333334,456.0,207936.0
0.2384375,453.0,205209.0
0.23854166666666668,466.0,217156.0
0.23864583333333333,461.0,212521.0
0.23875,483.0,233289.0
0.23885416666666667,450.0,202500.0
0.23895833333333333,451.0,203401.0
0.2390625,458.0,209764.0
0.23916666666666667,457.0,208849.0
0.23927083333333332,445.0,198025.0
0.239375,456.0,207936.0
0.23947916666666666,447.0,199809.0
0.23958333333333334,451.0,203401.0
0.2396875,448.0,200704.0
0.23979166666666665,469.0,219961.0
0.23989583333333334,460.0,211600.0
0.24,451.0,203401.0
0.24010416666666667,459.0,210681.0
0.24020833333333333,462.0,213444.0
0.2403125,460.0,211600.0
0.24041666666666667,468.0,219024.0
0.24052083333333332,452.0,204304.0
0.240625,459.0,210681.0
0.24072916666666666,457.0,208849.0
0.24083333333333334,448.0,200704.0
0.2409375,442.0,195364.0
0.24104166666666665,455.0,207025.0
0.24114583333333334,463.0,214369.0
0.24125,457.0,208849.0
0.24135416666666668,463.0,214369.0
0.24145833333333333,471.0,221841.0
0.2415625,478.0,228484.0
0.24166666666666667,433.0,187489.0
0.24177083333333332,471.0,221841.0
0.241875,460.0,211600.0
0.24197916666666666,461.0,212521.0
0.24208333333333334,456.0,207936.0
0.2421875,447.0,199809.0
0.24229166666666666,454.0,206116.0
0.24239583333333334,464.0,215296.0
0.2425,479.0,229441.0
0.24260416666666668,452.0,204304.0
0.24270833333333333,459.0,210681.0
0.2428125,456.0,207936.0
0.24291666666666667,460.0,211600.0
0.24302083333333332,455.0,207025.0
0.243125,451.0,203401.0
0.24322916666666666,467.0,218089.0
0.24333333333333335,448.0,200704.0
0.2434375,461.0,212521.0
0.24354166666666666,480.0,230400.0
0.24364583333333334,449.0,201601.0
0.24375,459.0,210681.0
0.24385416666666668,458.0,209764.0
0.24395833333333333,461.0,212521.0
0.2440625,462.0,213444.0
0.24416666666666667,462.0,213444.0
0.24427083333333333,451.0,203401.0
0.244375,461.0,212521.0
0.24447916666666666,450.0,202500.0
0.24458333333333335,445.0,198025.0
0.2446875,454.0,206116.0
0.24479166666666666,458.0,209764.0
0.24489583333333334,464.0,215296.0
0.245,480.0,230400.0
0.24510416666666668,458.0,209764.0
0.24520833333333333,464.0,215296.0
0.2453125,430.0,184900.0
0.24541666666666667,459.0,210681.0
0.24552083333333333,458.0,209764.0
0.245625,460.0,211600.0
0.24572916666666667,454.0,206116.0
0.24583333333333332,472.0,222784.0
0.2459375,470.0,220900.0
0.24604166666666666,466.0,217156.0
0.24614583333333334,464.0,215296.0
0.24625,461.0,212521.0
0.24635416666666668,472.0,222784.0
0.24645833333333333,455.0,207025.0
0.2465625,470.0,220900.0
0.24666666666666667,448.0,200704.0
0.24677083333333333,451.0,203401.0
0.246875,460.0,211600.0
0.24697916666666667,454.0,206116.0
0.24708333333333332,478.0,228484.0
0.2471875,470.0,220900.0
0.24729166666666666,459.0,210681.0
0.24739583333333334,448.0,200704.0
0.2475,461.0,212521.0
0.24760416666666665,478.0,228484.0
0.24770833333333334,470.0,220900.0
0.2478125,455.0,207025.0
0.24791666666666667,457.0,208849.0
0.24802083333333333,456.0,207936.0
0.248125,444.0,197136.0
0.24822916666666667,456.0,207936.0
0.24833333333333332,463.0,214369.0
0.2484375,459.0,210681.0
0.24854166666666666,455.0,207025.0
0.24864583333333334,457.0,208849.0
0.24875,476.0,226576.0
0.24885416666666665,449.0,201601.0
0.24895833333333334,467.0,218089.0
0.2490625,471.0,221841.0
0.24916666666666668,478.0,228484.0
0.24927083333333333,465.0,216225.0
0.249375,462.0,213444.0
0.24947916666666667,453.0,205209.0
0.24958333333333332,473.0,223729.0
0.2496875,463.0,214369.0
0.24979166666666666,445.0,198025.0
0.24989583333333334,462.0,213444.0
0.25,446.0,198916.0
0.2501041666666667,447.0,199809.0
0.2502083333333333,461.0,212521.0
0.2503125,464.0,215296.0
0.2504166666666667,474.0,224676.0
0.25052083333333336,450.0,202500.0
0.250625,471.0,221841.0
0.25072916666666667,458.0,209764.0
0.25083333333333335,459.0,210681.0
0.2509375,447.0,199809.0
0.25104166666666666,464.0,215296.0
0.25114583333333335,448.0,200704.0
0.25125,453.0,205209.0
0.25135416666666666,475.0,225625.0
0.25145833333333334,461.0,212521.0
0.2515625,450.0,202500.0
0.25166666666666665,459.0,210681.0
0.25177083333333333,463.0,214369.0
0.251875,472.0,222784.0
0.25197916666666664,469.0,219961.0
0.2520833333333333,463.0,214369.0
0.2521875,448.0,200704.0
0.2522916666666667,465.0,216225.0
0.2523958333333333,451.0,203401.0
0.2525,466.0,217156.0
0.2526041666666667,479.0,229441.0
0.2527083333333333,453.0,205209.0
0.2528125,459.0,210681.0
0.2529166666666667,467.0,218089.0
0.2530208333333333,465.0,216225.0
0.253125,463.0,214369.0
0.25322916666666667,465.0,216225.0
0.25333333333333335,465.0,216225.0
0.2534375,476.0,226576.0
0.25354166666666667,457.0,208849.0
0.25364583333333335,465.0,216225.0
0.25375,464.0,215296.0
0.25385416666666666,471.0,221841.0
0.25395833333333334,456.0,207936.0
0.2540625,448.0,200704.0
0.25416666666666665,456.0,207936.0
0.25427083333333333,461.0,212521.0
0.254375,475.0,225625.0
0.25447916666666665,459.0,210681.0
0.25458333333333333,467.0,218089.0
0.2546875,466.0,217156.0
0.2547916666666667,458.0,209764.0
0.2548958333333333,467.0,218089.0
0.255,452.0,204304.0
0.2551041666666667,454.0,206116.0
0.2552083333333333,462.0,213444.0
0.2553125,457.0,208849.0
0.2554166666666667,455.0,207025.0
0.2555208333333333,452.0,204304.0
0.255625,460.0,211600.0
0.2557291666666667,461.0,212521.0
0.25583333333333336,448.0,200704.0
0.2559375,454.0,206116.0
0.25604166666666667,450.0,202500.0
0.25614583333333335,456.0,207936.0
0.25625,462.0,213444.0
0.25635416666666666,453.0,205209.0
0.25645833333333334,471.0,221841.0
0.2565625,468.0,219024.0
0.25666666666666665,454.0,206116.0
0.25677083333333334,448.0,200704.0
0.256875,442.0,195364.0
0.25697916666666665,465.0,216225.0
0.25708333333333333,474.0,224676.0
0.2571875,446.0,198916.0
0.25729166666666664,464.0,215296.0
0.2573958333333333,457.0,208849.0
0.2575,469.0,219961.0
0.2576041666666667,478.0,228484.0
0.2577083333333333,463.0,214369.0
0.2578125,472.0,222784.0
0.2579166666666667,461.0,212521.0
0.2580208333333333,467.0,218089.0
0.258125,471.0,221841.0
0.2582291666666667,459.0,210681.0
0.25833333333333336,455.0,207025.0
0.2584375,481.0,231361.0
0.25854166666666667,468.0,219024.0
0.25864583333333335,473.0,223729.0
0.25875,463.0,214369.0
0.25885416666666666,474.0,224676.0
0.25895833333333335,459.0,210681.0
0.2590625,467.0,218089.0
0.25916666666666666,467.0,218089.0
0.25927083333333334,440.0,193600.0
0.259375,462.0,213444.0
0.25947916666666665,471.0,221841.0
0.25958333333333333,452.0,204304.0
0.2596875,466.0,217156.0
0.25979166666666664,467.0,218089.0
0.2598958333333333,460.0,211600.0
0.26,480.0,230400.0
0.2601041666666667,470.0,220900.0
0.2602083333333333,462.0,213444.0
0.2603125,465.0,216225.0
0.2604166666666667,464.0,215296.0
0.2605208333333333,451.0,203401.0
0.260625,453.0,205209.0
0.2607291666666667,450.0,202500.0
0.2608333333333333,466.0,217156.0
0.2609375,468.0,219024.0
0.26104166666666667,451.0,203401.0
0.26114583333333335,446.0,198916.0
0.26125,452.0,204304.0
0.26135416666666667,472.0,222784.0
0.26145833333333335,472.0,222784.0
0.2615625,476.0,226576.0
0.26166666666666666,472.0,222784.0
0.26177083333333334,464.0,215296.0
0.261875,455.0,207025.0
0.26197916666666665,475.0,225625.0
0.26208333333333333,458.0,209764.0
0.2621875,445.0,198025.0
0.26229166666666665,455.0,207025.0
0.26239583333333333,471.0,221841.0
0.2625,465.0,216225.0
0.2626041666666667,471.0,221841.0
0.2627083333333333,453.0,205209.0
0.2628125,456.0,207936.0
0.2629166666666667,477.0,227529.0
0.2630208333333333,455.0,207025.0
0.263125,455.0,207025.0
0.2632291666666667,459.0,210681.0
0.2633333333333333,459.0,210681.0
0.2634375,457.0,208849.0
0.2635416666666667,469.0,219961.0
0.26364583333333336,463.0,214369.0
0.26375,467.0,218089.0
0.26385416666666667,473.0,223729.0
0.26395833333333335,479.0,229441.0
0.2640625,457.0,208849.0
0.26416666666666666,451.0,203401.0
0.26427083333333334,475.0,225625.0
0.264375,469.0,219961.0
0.26447916666666665,455.0,207025.0
0.26458333333333334,488.0,238144.0
0.2646875,461.0,212521.0
0.26479166666666665,447.0,199809.0
0.26489583333333333,470.0,220900.0
0.265,475.0,225625.0
0.26510416666666664,473.0,223729.0
0.2652083333333333,461.0,212521.0
0.2653125,465.0,216225.0
0.2654166666666667,462.0,213444.0
0.2655208333333333,459.0,210681.0
0.265625,463.0,214369.0
0.2657291666666667,477.0,227529.0
0.2658333333333333,464.0,215296.0
0.2659375,465.0,216225.0
0.2660416666666667,468.0,219024.0
0.26614583333333336,465.0,216225.0
0.26625,461.0,212521.0
0.26635416666666667,457.0,208849.0
0.26645833333333335,462.0,213444.0
0.2665625,459.0,210681.0
0.26666666666666666,473.0,223729.0
0.26677083333333335,449.0,201601.0
0.266875,445.0,198025.0
0.26697916666666666,452.0,204304.0
0.26708333333333334,453.0,205209.0
0.2671875,459.0,210681.0
0.26729166666666665,461.0,212521.0
0.26739583333333333,440.0,193600.0
0.2675,471.0,221841.0
0.26760416666666664,465.0,216225.0
0.2677083333333333,459.0,210681.0
0.2678125,464.0,215296.0
0.2679166666666667,454.0,206116.0
0.2680208333333333,467.0,218089.0
0.268125,465.0,216225.0
0.2682291666666667,459.0,210681.0
0.2683333333333333,456.0,207936.0
0.2684375,463.0,214369.0
0.2685416666666667,454.0,206116.0
0.2686458333333333,477.0,227529.0
0.26875,465.0,216225.0
0.26885416666666667,470.0,220900.0
0.26895833333333335,454.0,206116.0
0.2690625,456.0,207936.0
0.26916666666666667,471.0,221841.0
0.26927083333333335,464.0,215296.0
0.269375,471.0,221841.0
0.26947916666666666,468.0,219024.0
0.26958333333333334,462.0,213444.0
0.2696875,452.0,204304.0
0.26979166666666665,454.0,206116.0
0.26989583333333333,445.0,198025.0
0.27,465.0,216225.0
0.27010416666666665,477.0,227529.0
0.27020833333333333,450.0,202500.0
0.2703125,463.0,214369.0
0.2704166666666667,471.0,221841.0
0.2705208333333333,473.0,223729.0
0.270625,461.0,212521.0
0.2707291666666667,466.0,217156.0
0.2708333333333333,465.0,216225.0
0.2709375,459.0,210681.0
0.2710416666666667,455.0,207025.0
0.2711458333333333,458.0,209764.0
0.27125,452.0,204304.0
0.2713541666666667,471.0,221841.0
0.27145833333333336,468.0,219024.0
0.2715625,462.0,213444.0
0.27166666666666667,460.0,211600.0
0.27177083333333335,459.0,210681.0
0.271875,479.0,229441.0
0.27197916666666666,444.0,197136.0
0.27208333333333334,455.0,207025.0
0.2721875,467.0,218089.0
0.27229166666666665,466.0,217156.0
0.27239583333333334,447.0,199809.0
0.2725,465.0,216225.0
0.27260416666666665,452.0,204304.0
0.27270833333333333,453.0,205209.0
0.2728125,462.0,213444.0
0.27291666666666664,471.0,221841.0
0.2730208333333333,480.0,230400.0
0.273125,458.0,209764.0
0.2732291666666667,455.0,207025.0
0.2733333333333333,460.0,211600.0
0.2734375,445.0,198025.0
0.2735416666666667,456.0,207936.0
0.2736458333333333,452.0,204304.0
0.27375,463.0,214369.0
0.2738541666666667,470.0,220900.0
0.27395833333333336,457.0,208849.0
0.2740625,454.0,206116.0
0.27416666666666667,467.0,218089.0
0.27427083333333335,469.0,219961.0
0.274375,463.0,214369.0
0.27447916666666666,467.0,218089.0
0.27458333333333335,451.0,203401.0
0.2746875,469.0,219961.0
0.27479166666666666,455.0,207025.0
0.27489583333333334,467.0,218089.0
0.275,469.0,219961.0
0.27510416666666665,465.0,216225.0
0.27520833333333333,468.0,219024.0
0.2753125,469.0,219961.0
0.27541666666666664,456.0,207936.0
0.2755208333333333,452.0,204304.0
0.275625,454.0,206116.0
0.2757291666666667,464.0,215296.0
0.2758333333333333,470.0,220900.0
0.2759375,462.0,213444.0
0.2760416666666667,462.0,213444.0
0.2761458333333333,465.0,216225.0
0.27625,466.0,217156.0
0.2763541666666667,458.0,209764.0
0.2764583333333333,462.0,213444.0
0.2765625,464.0,215296.0
0.27666666666666667,464.0,215296.0
0.27677083333333335,464.0,215296.0
0.276875,471.0,221841.0
0.27697916666666667,464.0,215296.0
0.27708333333333335,458.0,209764.0
0.2771875,462.0,213444.0
0.27729166666666666,450.0,202500.0
0.27739583333333334,456.0,207936.0
0.2775,467.0,218089.0
0.27760416666666665,460.0,211600.0
0.27770833333333333,470.0,220900.0
0.2778125,460.0,211600.0
0.27791666666666665,461.0,212521.0
0.27802083333333333,462.0,213444.0
0.278125,463.0,214369.0
0.2782291666666667,464.0,215296.0
0.2783333333333333,465.0,216225.0
0.2784375,456.0,207936.0
0.2785416666666667,460.0,211600.0
0.2786458333333333,466.0,217156.0
0.27875,464.0,215296.0
0.2788541666666667,451.0,203401.0
0.2789583333333333,455.0,207025.0
0.2790625,455.0,207025.0
0.2791666666666667,463.0,214369.0
0.27927083333333336,461.0,212521.0
0.279375,441.0,194481.0
0.27947916666666667,471.0,221841.0
0.27958333333333335,462.0,213444.0
0.2796875,457.0,208849.0
0.27979166666666666,455.0,207025.0
0.27989583333333334,463.0,214369.0
0.28,475.0,225625.0
0.28010416666666665,470.0,220900.0
0.28020833333333334,455.0,207025.0
0.2803125,451.0,203401.0
0.28041666666666665,444.0,197136.0
0.28052083333333333,463.0,214369.0
0.280625,464.0,215296.0
0.28072916666666664,457.0,208849.0
0.2808333333333333,476.0,226576.0
0.2809375,455.0,207025.0
0.2810416666666667,452.0,204304.0
0.2811458333333333,454.0,206116.0
0.28125,468.0,219024.0
0.2813541666666667,450.0,202500.0
0.2814583333333333,464.0,215296.0
0.2815625,458.0,209764.0
0.2816666666666667,474.0,224676.0
0.28177083333333336,463.0,214369.0
0.281875,464.0,215296.0
0.28197916666666667,455.0,207025.0
0.28208333333333335,458.0,209764.0
0.2821875,452.0,204304.0
0.28229166666666666,468.0,219024.0
0.28239583333333335,460.0,211600.0
0.2825,466.0,217156.0
0.28260416666666666,471.0,221841.0
0.28270833333333334,462.0,213444.0
0.2828125,465.0,216225.0
0.28291666666666665,442.0,195364.0
0.28302083333333333,461.0,212521.0
0.283125,461.0,212521.0
0.28322916666666664,457.0,208849.0
0.2833333333333333,468.0,219024.0
0.2834375,461.0,212521.0
0.2835416666666667,472.0,222784.0
0.2836458333333333,477.0,227529.0
0.28375,475.0,225625.0
0.2838541666666667,479.0,229441.0
0.2839583333333333,474.0,224676.0
0.2840625,457.0,208849.0
0.2841666666666667,471.0,221841.0
0.2842708333333333,465.0,216225.0
0.284375,476.0,226576.0
0.28447916666666667,464.0,215296.0
0.28458333333333335,465.0,216225.0
0.2846875,474.0,224676.0
0.28479166666666667,455.0,207025.0
0.28489583333333335,476.0,226576.0
0.285,465.0,216225.0
0.28510416666666666,453.0,205209.0
0.28520833333333334,456.0,207936.0
0.2853125,458.0,209764.0
0.28541666666666665,470.0,220900.0
0.28552083333333333,441.0,194481.0
0.285625,455.0,207025.0
0.28572916666666665,454.0,206116.0
0.28583333333333333,463.0,214369.0
0.2859375,466.0,217156.0
0.2860416666666667,471.0,221841.0
0.2861458333333333,479.0,229441.0
0.28625,478.0,228484.0
0.2863541666666667,467.0,218089.0
0.2864583333333333,469.0,219961.0
0.2865625,458.0,209764.0
0.2866666666666667,472.0,222784.0
0.2867708333333333,453.0,205209.0
0.286875,457.0,208849.0
0.2869791666666667,459.0,210681.0
0.28708333333333336,451.0,203401.0
0.2871875,468.0,219024.0
0.28729166666666667,476.0,226576.0
0.28739583333333335,463.0,214369.0
0.2875,462.0,213444.0
0.28760416666666666,469.0,219961.0
0.28770833333333334,452.0,204304.0
0.2878125,464.0,215296.0
0.28791666666666665,466.0,217156.0
0.28802083333333334,461.0,212521.0
0.288125,449.0,201601.0
0.28822916666666665,442.0,195364.0
0.28833333333333333,469.0,219961.0
0.2884375,471.0,221841.0
0.28854166666666664,459.0,210681.0
0.2886458333333333,473.0,223729.0
0.28875,448.0,200704.0
0.2888541666666667,468.0,219024.0
0.2889583333333333,469.0,219961.0
0.2890625,462.0,213444.0
0.2891666666666667,456.0,207936.0
0.2892708333333333,463.0,214369.0
0.289375,465.0,216225.0
0.2894791666666667,493.0,243049.0
0.28958333333333336,472.0,222784.0
0.2896875,466.0,217156.0
0.28979166666666667,463.0,214369.0
0.28989583333333335,472.0,222784.0
0.29,480.0,230400.0
0.29010416666666666,452.0,204304.0
0.29020833333333335,464.0,215296.0
0.2903125,464.0,215296.0
0.29041666666666666,464.0,215296.0
0.29052083333333334,476.0,226576.0
0.290625,464.0,215296.0
0.29072916666666665,468.0,219024.0
0.29083333333333333,452.0,204304.0
0.2909375,459.0,210681.0
0.29104166666666664,448.0,200704.0
0.2911458333333333,448.0,200704.0
0.29125,467.0,218089.0
0.2913541666666667,462.0,213444.0
0.2914583333333333,447.0,199809.0
0.2915625,465.0,216225.0
0.2916666666666667,454.0,206116.0
0.2917708333333333,456.0,207936.0
0.291875,472.0,222784.0
0.2919791666666667,461.0,212521.0
0.2920833333333333,464.0,215296.0
0.2921875,460.0,211600.0
0.29229166666666667,451.0,203401.0
0.29239583333333335,454.0,206116.0
0.2925,465.0,216225.0
0.29260416666666667,478.0,228484.0
0.29270833333333335,456.0,207936.0
0.2928125,463.0,214369.0
0.29291666666666666,462.0,213444.0
0.29302083333333334,453.0,205209.0
0.293125,468.0,219024.0
0.29322916666666665,456.0,207936.0
0.29333333333333333,477.0,227529.0
0.2934375,472.0,222784.0
0.29354166666666665,467.0,218089.0
0.29364583333333333,457.0,208849.0
0.29375,464.0,215296.0
0.2938541666666667,455.0,207025.0
0.2939583333333333,465.0,216225.0
0.2940625,470.0,220900.0
0.2941666666666667,470.0,220900.0
0.2942708333333333,463.0,214369.0
0.294375,458.0,209764.0
0.2944791666666667,451.0,203401.0
0.2945833333333333,439.0,192721.0
0.2946875,453.0,205209.0
0.2947916666666667,470.0,220900.0
0.29489583333333336,469.0,219961.0
0.295,482.0,232324.0
0.29510416666666667,455.0,207025.0
0.29520833333333335,460.0,211600.0
0.2953125,461.0,212521.0
0.29541666666666666,467.0,218089.0
0.29552083333333334,476.0,226576.0
0.295625,475.0,225625.0
0.29572916666666665,458.0,209764.0
0.29583333333333334,436.0,190096.0
0.2959375,454.0,206116.0
0.29604166666666665,462.0,213444.0
0.29614583333333333,446.0,198916.0
0.29625,454.0,206116.0
0.29635416666666664,448.0,200704.0
0.2964583333333333,462.0,213444.0
0.2965625,478.0,228484.0
0.2966666666666667,451.0,203401.0
0.2967708333333333,464.0,215296.0
0.296875,470.0,220900.0
0.2969791666666667,453.0,205209.0
0.2970833333333333,462.0,213444.0
0.2971875,450.0,202500.0
0.2972916666666667,454.0,206116.0
0.29739583333333336,468.0,219024.0
0.2975,445.0,198025.0
0.29760416666666667,462.0,213444.0
0.29770833333333335,462.0,213444.0
0.2978125,443.0,196249.0
0.29791666666666666,454.0,206116.0
0.29802083333333335,458.0,209764.0
0.298125,455.0,207025.0
0.29822916666666666,456.0,207936.0
0.29833333333333334,473.0,223729.0
0.2984375,466.0,217156.0
0.29854166666666665,480.0,230400.0
0.29864583333333333,460.0,211600.0
0.29875,454.0,206116.0
0.29885416666666664,454.0,206116.0
0.2989583333333333,454.0,206116.0
0.2990625,450.0,202500.0
0.2991666666666667,460.0,211600.0
0.2992708333333333,447.0,199809.0
0.299375,458.0,209764.0
0.2994791666666667,451.0,203401.0
0.2995833333333333,464.0,215296.0
0.2996875,450.0,202500.0
0.2997916666666667,459.0,210681.0
0.2998958333333333,458.0,209764.0
0.3,448.0,200704.0
0.30010416666666667,458.0,209764.0
0.30020833333333335,451.0,203401.0
0.3003125,461.0,212521.0
0.30041666666666667,472.0,222784.0
0.30052083333333335,479.0,229441.0
0.300625,465.0,216225.0
0.30072916666666666,451.0,203401.0
0.30083333333333334,465.0,216225.0
0.3009375,462.0,213444.0
0.30104166666666665,451.0,203401.0
0.30114583333333333,452.0,204304.0
0.30125,463.0,214369.0
0.30135416666666665,457.0,208849.0
0.30145833333333333,454.0,206116.0
0.3015625,451.0,203401.0
0.3016666666666667,452.0,204304.0
0.3017708333333333,456.0,207936.0
0.301875,449.0,201601.0
0.3019791666666667,471.0,221841.0
0.3020833333333333,464.0,215296.0
0.3021875,453.0,205209.0
0.3022916666666667,464.0,215296.0
0.3023958333333333,449.0,201601.0
0.3025,465.0,216225.0
0.3026041666666667,458.0,209764.0
0.30270833333333336,457.0,208849.0
0.3028125,468.0,219024.0
0.30291666666666667,471.0,221841.0
0.30302083333333335,473.0,223729.0
0.303125,441.0,194481.0
0.30322916666666666,456.0,207936.0
0.30333333333333334,450.0,202500.0
0.3034375,447.0,199809.0
0.30354166666666665,470.0,220900.0
0.30364583333333334,453.0,205209.0
0.30375,476.0,226576.0
0.30385416666666665,457.0,208849.0
0.30395833333333333,458.0,209764.0
0.3040625,450.0,202500.0
0.30416666666666664,448.0,200704.0
0.3042708333333333,452.0,204304.0
0.304375,458.0,209764.0
0.3044791666666667,459.0,210681.0
0.3045833333333333,460.0,211600.0
0.3046875,472.0,222784.0
0.3047916666666667,456.0,207936.0
0.3048958333333333,460.0,211600.0
0.305,462.0,213444.0
0.3051041666666667,474.0,224676.0
0.30520833333333336,458.0,209764.0
0.3053125,464.0,215296.0
0.30541666666666667,455.0,207025.0
0.30552083333333335,454.0,206116.0
0.305625,464.0,215296.0
0.30572916666666666,464.0,215296.0
0.30583333333333335,472.0,222784.0
0.3059375,453.0,205209.0
0.30604166666666666,476.0,226576.0
0.30614583333333334,464.0,215296.0
0.30625,466.0,217156.0
0.30635416666666665,452.0,204304.0
0.30645833333333333,460.0,211600.0
0.3065625,480.0,230400.0
0.30666666666666664,462.0,213444.0
0.3067708333333333,458.0,209764.0
0.306875,450.0,202500.0
0.3069791666666667,452.0,204304.0
0.3070833333333333,472.0,222784.0
0.3071875,452.0,204304.0
0.3072916666666667,445.0,198025.0
0.3073958333333333,462.0,213444.0
0.3075,469.0,219961.0
0.3076041666666667,461.0,212521.0
0.3077083333333333,465.0,216225.0
0.3078125,475.0,225625.0
0.30791666666666667,463.0,214369.0
0.30802083333333335,470.0,220900.0
0.308125,463.0,214369.0
0.30822916666666667,455.0,207025.0
0.30833333333333335,472.0,222784.0
0.3084375,464.0,215296.0
0.30854166666666666,456.0,207936.0
0.30864583333333334,446.0,198916.0
0.30875,459.0,210681.0
0.30885416666666665,464.0,215296.0
0.30895833333333333,472.0,222784.0
0.3090625,472.0,222784.0
0.30916666666666665,447.0,199809.0
0.30927083333333333,455.0,207025.0
0.309375,465.0,216225.0
0.3094791666666667,437.0,190969.0
0.3095833333333333,452.0,204304.0
0.3096875,459.0,210681.0
0.3097916666666667,456.0,207936.0
0.3098958333333333,469.0,219961.0
0.31,446.0,198916.0
0.3101041666666667,461.0,212521.0
0.3102083333333333,464.0,215296.0
0.3103125,460.0,211600.0
0.3104166666666667,447.0,199809.0
0.31052083333333336,462.0,213444.0
0.310625,463.0,214369.0
0.31072916666666667,467.0,218089.0
0.31083333333333335,469.0,219961.0
0.3109375,451.0,203401.0
0.31104166666666666,464.0,215296.0
0.31114583333333334,453.0,205209.0
0.31125,461.0,212521.0
0.31135416666666665,460.0,211600.0
0.31145833333333334,473.0,223729.0
0.3115625,464.0,215296.0
0.31166666666666665,457.0,208849.0
0.31177083333333333,446.0,198916.0
0.311875,469.0,219961.0
0.31197916666666664,457.0,208849.0
0.3120833333333333,472.0,222784.0
0.3121875,466.0,217156.0
0.3122916666666667,469.0,219961.0
0.3123958333333333,474.0,224676.0
0.3125,462.0,213444.0
0.3126041666666667,447.0,199809.0
0.3127083333333333,457.0,208849.0
0.3128125,479.0,229441.0
0.3129166666666667,457.0,208849.0
0.31302083333333336,468.0,219024.0
0.313125,463.0,214369.0
0.31322916666666667,448.0,200704.0
0.31333333333333335,468.0,219024.0
0.3134375,466.0,217156.0
0.31354166666666666,454.0,206116.0
0.31364583333333335,462.0,213444.0
0.31375,461.0,212521.0
0.31385416666666666,440.0,193600.0
0.31395833333333334,470.0,220900.0
0.3140625,436.0,190096.0
0.31416666666666665,455.0,207025.0
0.31427083333333333,465.0,216225.0
0.314375,469.0,219961.0
0.31447916666666664,474.0,224676.0
0.3145833333333333,452.0,204304.0
0.3146875,449.0,201601.0
0.3147916666666667,462.0,213444.0
0.3148958333333333,451.0,203401.0
0.315,453.0,205209.0
0.3151041666666667,472.0,222784.0
0.3152083333333333,449.0,201601.0
0.3153125,469.0,219961.0
0.3154166666666667,466.0,217156.0
0.3155208333333333,463.0,214369.0
0.315625,452.0,204304.0
0.31572916666666667,445.0,198025.0
0.31583333333333335,460.0,211600.0
0.3159375,456.0,207936.0
0.31604166666666667,474.0,224676.0
0.31614583333333335,460.0,211600.0
0.31625,463.0,214369.0
0.31635416666666666,469.0,219961.0
0.31645833333333334,448.0,200704.0
0.3165625,457.0,208849.0
0.31666666666666665,447.0,199809.0
0.31677083333333333,450.0,202500.0
0.316875,457.0,208849.0
0.31697916666666665,466.0,217156.0
0.31708333333333333,474.0,224676.0
0.3171875,443.0,196249.0
0.3172916666666667,459.0,210681.0
0.3173958333333333,463.0,214369.0
0.3175,470.0,220900.0
0.3176041666666667,462.0,213444.0
0.3177083333333333,465.0,216225.0
0.3178125,479.0,229441.0
0.3179166666666667,453.0,205209.0
0.3180208333333333,458.0,209764.0
0.318125,471.0,221841.0
0.3182291666666667,453.0,205209.0
0.31833333333333336,469.0,219961.0
0.3184375,463.0,214369.0
0.31854166666666667,475.0,225625.0
0.31864583333333335,463.0,214369.0
0.31875,461.0,212521.0
0.31885416666666666,462.0,213444.0
0.31895833333333334,473.0,223729.0
0.3190625,455.0,207025.0
0.31916666666666665,466.0,217156.0
0.31927083333333334,461.0,212521.0
0.319375,457.0,208849.0
0.31947916666666665,469.0,219961.0
0.31958333333333333,472.0,222784.0
0.3196875,464.0,215296.0
0.31979166666666664,454.0,206116.0
0.3198958333333333,467.0,218089.0
0.32,478.0,228484.0
0.3201041666666667,467.0,218089.0
0.3202083333333333,456.0,207936.0
0.3203125,454.0,206116.0
0.3204166666666667,457.0,208849.0
0.3205208333333333,468.0,219024.0
0.320625,461.0,212521.0
0.3207291666666667,451.0,203401.0
0.32083333333333336,459.0,210681.0
0.3209375,471.0,221841.0
0.32104166666666667,456.0,207936.0
0.32114583333333335,463.0,214369.0
0.32125,469.0,219961.0
0.32135416666666666,466.0,217156.0
0.32145833333333335,475.0,225625.0
0.3215625,475.0,225625.0
0.32166666666666666,460.0,211600.0
0.32177083333333334,465.0,216225.0
0.321875,459.0,210681.0
0.32197916666666665,465.0,216225.0
0.32208333333333333,464.0,215296.0
0.3221875,448.0,200704.0
0.32229166666666664,441.0,194481.0
0.3223958333333333,457.0,208849.0
0.3225,461.0,212521.0
0.3226041666666667,472.0,222784.0
0.3227083333333333,470.0,220900.0
0.3228125,454.0,206116.0
0.3229166666666667,447.0,199809.0
0.3230208333333333,455.0,207025.0
0.323125,457.0,208849.0
0.3232291666666667,445.0,198025.0
0.3233333333333333,480.0,230400.0
0.3234375,480.0,230400.0
0.32354166666666667,467.0,218089.0
0.32364583333333335,456.0,207936.0
0.32375,458.0,209764.0
0.32385416666666667,454.0,206116.0
0.32395833333333335,457.0,208849.0
0.3240625,477.0,227529.0
0.32416666666666666,466.0,217156.0
0.32427083333333334,451.0,203401.0
0.324375,462.0,213444.0
0.32447916666666665,471.0,221841.0
0.32458333333333333,464.0,215296.0
0.3246875,468.0,219024.0
0.32479166666666665,464.0,215296.0
0.32489583333333333,464.0,215296.0
0.325,478.0,228484.0
0.3251041666666667,473.0,223729.0
0.3252083333333333,456.0,207936.0
0.3253125,483.0,233289.0
0.3254166666666667,464.0,215296.0
0.3255208333333333,464.0,215296.0
0.325625,453.0,205209.0
0.3257291666666667,453.0,205209.0
0.3258333333333333,455.0,207025.0
0.3259375,463.0,214369.0
0.3260416666666667,455.0,207025.0
0.32614583333333336,468.0,219024.0
0.32625,464.0,215296.0
0.32635416666666667,469.0,219961.0
0.32645833333333335,478.0,228484.0
0.3265625,461.0,212521.0
0.32666666666666666,465.0,216225.0
0.32677083333333334,449.0,201601.0
0.326875,460.0,211600.0
0.32697916666666665,466.0,217156.0
0.32708333333333334,475.0,225625.0
0.3271875,466.0,217156.0
0.32729166666666665,453.0,205209.0
0.32739583333333333,462.0,213444.0
0.3275,475.0,225625.0
0.32760416666666664,457.0,208849.0
0.3277083333333333,449.0,201601.0
0.3278125,445.0,198025.0
0.3279166666666667,453.0,205209.0
0.3280208333333333,473.0,223729.0
0.328125,465.0,216225.0
0.3282291666666667,470.0,220900.0
0.3283333333333333,457.0,208849.0
0.3284375,461.0,212521.0
0.3285416666666667,466.0,217156.0
0.32864583333333336,439.0,192721.0
0.32875,462.0,213444.0
0.32885416666666667,457.0,208849.0
0.32895833333333335,483.0,233289.0
0.3290625,465.0,216225.0
0.32916666666666666,469.0,219961.0
0.32927083333333335,474.0,224676.0
0.329375,452.0,204304.0
0.32947916666666666,461.0,212521.0
0.32958333333333334,463.0,214369.0
0.3296875,458.0,209764.0
0.32979166666666665,454.0,206116.0
0.32989583333333333,449.0,201601.0
0.33,465.0,216225.0
0.33010416666666664,451.0,203401.0
0.3302083333333333,454.0,206116.0
0.3303125,465.0,216225.0
0.3304166666666667,471.0,221841.0
0.3305208333333333,473.0,223729.0
0.330625,466.0,217156.0
0.3307291666666667,454.0,206116.0
0.3308333333333333,471.0,221841.0
0.3309375,467.0,218089.0
0.3310416666666667,452.0,204304.0
0.3311458333333333,472.0,222784.0
0.33125,465.0,216225.0
0.33135416666666667,448.0,200704.0
0.33145833333333335,461.0,212521.0
0.3315625,465.0,216225.0
0.33166666666666667,472.0,222784.0
0.33177083333333335,461.0,212521.0
0.331875,458.0,209764.0
0.33197916666666666,467.0,218089.0
0.33208333333333334,480.0,230400.0
0.3321875,460.0,211600.0
0.33229166666666665,461.0,212521.0
0.33239583333333333,460.0,211600.0
0.3325,472.0,222784.0
0.33260416666666665,455.0,207025.0
0.33270833333333333,462.0,213444.0
0.3328125,466.0,217156.0
0.3329166666666667,454.0,206116.0
0.3330208333333333,466.0,217156.0
0.333125,447.0,199809.0
0.3332291666666667,440.0,193600.0
0.3333333333333333,463.0,214369.0
0.3334375,460.0,211600.0
0.3335416666666667,470.0,220900.0
0.3336458333333333,457.0,208849.0
0.33375,481.0,231361.0
0.3338541666666667,469.0,219961.0
0.33395833333333336,464.0,215296.0
0.3340625,451.0,203401.0
0.33416666666666667,451.0,203401.0
0.33427083333333335,475.0,225625.0
0.334375,467.0,218089.0
0.33447916666666666,462.0,213444.0
0.33458333333333334,477.0,227529.0
0.3346875,464.0,215296.0
0.33479166666666665,463.0,214369.0
0.33489583333333334,458.0,209764.0
0.335,453.0,205209.0
0.33510416666666665,453.0,205209.0
0.33520833333333333,462.0,213444.0
0.3353125,474.0,224676.0
0.33541666666666664,463.0,214369.0
0.3355208333333333,466.0,217156.0
0.335625,453.0,205209.0
0.3357291666666667,459.0,210681.0
0.3358333333333333,468.0,219024.0
0.3359375,464.0,215296.0
0.3360416666666667,462.0,213444.0
0.3361458333333333,471.0,221841.0
0.33625,453.0,205209.0
0.3363541666666667,454.0,206116.0
0.33645833333333336,455.0,207025.0
0.3365625,452.0,204304.0
0.33666666666666667,456.0,207936.0
0.33677083333333335,470.0,220900.0
0.336875,465.0,216225.0
0.33697916666666666,463.0,214369.0
0.33708333333333335,448.0,200704.0
0.3371875,456.0,207936.0
0.33729166666666666,473.0,223729.0
0.33739583333333334,468.0,219024.0
0.3375,466.0,217156.0
0.33760416666666665,466.0,217156.0
0.33770833333333333,484.0,234256.0
0.3378125,455.0,207025.0
0.33791666666666664,458.0,209764.0
0.3380208333333333,448.0,200704.0
0.338125,452.0,204304.0
0.3382291666666667,456.0,207936.0
0.3383333333333333,461.0,212521.0
0.3384375,450.0,202500.0
0.3385416666666667,470.0,220900.0
0.3386458333333333,451.0,203401.0
0.33875,468.0,219024.0
0.3388541666666667,470.0,220900.0
0.3389583333333333,467.0,218089.0
0.3390625,442.0,195364.0
0.33916666666666667,460.0,211600.0
0.33927083333333335,470.0,220900.0
0.339375,472.0,222784.0
0.33947916666666667,457.0,208849.0
0.33958333333333335,450.0,202500.0
0.3396875,470.0,220900.0
0.33979166666666666,461.0,212521.0
0.33989583333333334,462.0,213444.0
0.34,455.0,207025.0
0.34010416666666665,474.0,224676.0
0.34020833333333333,476.0,226576.0
0.3403125,455.0,207025.0
0.34041666666666665,444.0,197136.0
0.34052083333333333,452.0,204304.0
0.340625,451.0,203401.0
0.3407291666666667,456.0,207936.0
0.3408333333333333,467.0,218089.0
0.3409375,465.0,216225.0
0.3410416666666667,468.0,219024.0
0.3411458333333333,467.0,218089.0
0.34125,453.0,205209.0
0.3413541666666667,463.0,214369.0
0.3414583333333333,447.0,199809.0
0.3415625,457.0,208849.0
0.3416666666666667,450.0,202500.0
0.34177083333333336,443.0,196249.0
0.341875,467.0,218089.0
0.34197916666666667,471.0,221841.0
0.34208333333333335,441.0,194481.0
0.3421875,458.0,209764.0
0.34229166666666666,453.0,205209.0
0.34239583333333334,459.0,210681.0
0.3425,458.0,209764.0
0.34260416666666665,463.0,214369.0
0.34270833333333334,471.0,221841.0
0.3428125,463.0,214369.0
0.34291666666666665,475.0,225625.0
0.34302083333333333,466.0,217156.0
0.343125,471.0,221841.0
0.34322916666666664,442.0,195364.0
0.3433333333333333,455.0,207025.0
0.3434375,469.0,219961.0
0.3435416666666667,457.0,208849.0
0.3436458333333333,460.0,211600.0
0.34375,457.0,208849.0
0.3438541666666667,475.0,225625.0
0.3439583333333333,455.0,207025.0
0.3440625,455.0,207025.0
0.3441666666666667,460.0,211600.0
0.34427083333333336,460.0,211600.0
0.344375,461.0,212521.0
0.34447916666666667,457.0,208849.0
0.34458333333333335,449.0,201601.0
0.3446875,464.0,215296.0
0.34479166666666666,466.0,217156.0
0.34489583333333335,466.0,217156.0
0.345,459.0,210681.0
0.34510416666666666,462.0,213444.0
0.34520833333333334,473.0,223729.0
0.3453125,468.0,219024.0
0.34541666666666665,482.0,232324.0
0.34552083333333333,473.0,223729.0
0.345625,468.0,219024.0
0.34572916666666664,472.0,222784.0
0.3458333333333333,480.0,230400.0
0.3459375,474.0,224676.0
0.3460416666666667,450.0,202500.0
0.3461458333333333,464.0,215296.0
0.34625,468.0,219024.0
0.3463541666666667,448.0,200704.0
0.3464583333333333,467.0,218089.0
0.3465625,471.0,221841.0
0.3466666666666667,464.0,215296.0
0.3467708333333333,454.0,206116.0
0.346875,468.0,219024.0
0.34697916666666667,460.0,211600.0
0.34708333333333335,469.0,219961.0
0.3471875,448.0,200704.0
0.34729166666666667,460.0,211600.0
0.34739583333333335,464.0,215296.0
0.3475,465.0,216225.0
0.34760416666666666,463.0,214369.0
0.34770833333333334,455.0,207025.0
0.3478125,472.0,222784.0
0.34791666666666665,465.0,216225.0
0.34802083333333333,479.0,229441.0
0.348125,468.0,219024.0
0.34822916666666665,458.0,209764.0
0.34833333333333333,462.0,213444.0
0.3484375,469.0,219961.0
0.3485416666666667,476.0,226576.0
0.3486458333333333,442.0,195364.0
0.34875,466.0,217156.0
0.3488541666666667,468.0,219024.0
0.3489583333333333,460.0,211600.0
0.3490625,466.0,217156.0
0.3491666666666667,464.0,215296.0
0.3492708333333333,457.0,208849.0
0.349375,473.0,223729.0
0.3494791666666667,462.0,213444.0
0.34958333333333336,467.0,218089.0
0.3496875,454.0,206116.0
0.34979166666666667,466.0,217156.0
0.34989583333333335,475.0,225625.0
0.35,465.0,216225.0
0.35010416666666666,477.0,227529.0
0.35020833333333334,481.0,231361.0
0.3503125,458.0,209764.0
0.35041666666666665,451.0,203401.0
0.35052083333333334,459.0,210681.0
0.350625,479.0,229441.0
0.35072916666666665,480.0,230400.0
0.35083333333333333,469.0,219961.0
0.3509375,453.0,205209.0
0.35104166666666664,462.0,213444.0
0.3511458333333333,460.0,211600.0
0.35125,468.0,219024.0
0.3513541666666667,458.0,209764.0
0.3514583333333333,461.0,212521.0
0.3515625,474.0,224676.0
0.3516666666666667,457.0,208849.0
0.3517708333333333,465.0,216225.0
0.351875,464.0,215296.0
0.3519791666666667,472.0,222784.0
0.35208333333333336,466.0,217156.0
0.3521875,463.0,214369.0
0.35229166666666667,457.0,208849.0
0.35239583333333335,474.0,224676.0
0.3525,482.0,232324.0
0.35260416666666666,464.0,215296.0
0.35270833333333335,461.0,212521.0
0.3528125,449.0,201601.0
0.35291666666666666,462.0,213444.0
0.35302083333333334,459.0,210681.0
0.353125,456.0,207936.0
0.35322916666666665,459.0,210681.0
0.35333333333333333,466.0,217156.0
0.3534375,456.0,207936.0
0.35354166666666664,463.0,214369.0
0.3536458333333333,453.0,205209.0
0.35375,463.0,214369.0
0.3538541666666667,477.0,227529.0
0.3539583333333333,443.0,196249.0
0.3540625,461.0,212521.0
0.3541666666666667,479.0,229441.0
0.3542708333333333,454.0,206116.0
0.354375,466.0,217156.0
0.3544791666666667,456.0,207936.0
0.3545833333333333,460.0,211600.0
0.3546875,459.0,210681.0
0.35479166666666667,482.0,232324.0
0.35489583333333335,460.0,211600.0
0.355,466.0,217156.0
0.35510416666666667,474.0,224676.0
0.35520833333333335,460.0,211600.0
0.3553125,468.0,219024.0
0.35541666666666666,470.0,220900.0
0.35552083333333334,474.0,224676.0
0.355625,470.0,220900.0
0.35572916666666665,462.0,213444.0
0.35583333333333333,473.0,223729.0
0.3559375,475.0,225625.0
0.35604166666666665,484.0,234256.0
0.35614583333333333,468.0,219024.0
0.35625,463.0,214369.0
0.3563541666666667,455.0,207025.0
0.3564583333333333,462.0,213444.0
0.3565625,462.0,213444.0
0.3566666666666667,452.0,204304.0
0.3567708333333333,474.0,224676.0
0.356875,473.0,223729.0
0.3569791666666667,460.0,211600.0
0.3570833333333333,470.0,220900.0
0.3571875,466.0,217156.0
0.3572916666666667,476.0,226576.0
0.35739583333333336,460.0,211600.0
0.3575,464.0,215296.0
0.35760416666666667,456.0,207936.0
0.35770833333333335,464.0,215296.0
0.3578125,448.0,200704.0
0.35791666666666666,463.0,214369.0
0.35802083333333334,469.0,219961.0
0.358125,463.0,214369.0
0.35822916666666665,463.0,214369.0
0.35833333333333334,452.0,204304.0
0.3584375,473.0,223729.0
0.35854166666666665,463.0,214369.0
0.35864583333333333,476.0,226576.0
0.35875,471.0,221841.0
0.35885416666666664,460.0,211600.0
0.3589583333333333,461.0,212521.0
0.3590625,466.0,217156.0
0.3591666666666667,465.0,216225.0
0.3592708333333333,458.0,209764.0
0.359375,474.0,224676.0
0.3594791666666667,460.0,211600.0
0.3595833333333333,468.0,219024.0
0.3596875,465.0,216225.0
0.3597916666666667,462.0,213444.0
0.35989583333333336,466.0,217156.0
0.36,462.0,213444.0
0.36010416666666667,469.0,219961.0
0.36020833333333335,461.0,212521.0
0.3603125,463.0,214369.0
0.36041666666666666,450.0,202500.0
0.36052083333333335,464.0,215296.0
0.360625,470.0,220900.0
0.36072916666666666,457.0,208849.0
0.36083333333333334,465.0,216225.0
0.3609375,449.0,201601.0
0.36104166666666665,470.0,220900.0
0.36114583333333333,458.0,209764.0
0.36125,456.0,207936.0
0.36135416666666664,459.0,210681.0
0.3614583333333333,477.0,227529.0
0.3615625,470.0,220900.0
0.3616666666666667,463.0,214369.0
0.3617708333333333,472.0,222784.0
0.361875,462.0,213444.0
0.3619791666666667,470.0,220900.0
0.3620833333333333,462.0,213444.0
0.3621875,454.0,206116.0
0.3622916666666667,452.0,204304.0
0.3623958333333333,449.0,201601.0
0.3625,450.0,202500.0
0.36260416666666667,462.0,213444.0
0.36270833333333335,456.0,207936.0
0.3628125,450.0,202500.0
0.36291666666666667,468.0,219024.0
0.36302083333333335,452.0,204304.0
0.363125,451.0,203401.0
0.36322916666666666,459.0,210681.0
0.36333333333333334,478.0,228484.0
0.3634375,449.0,201601.0
0.36354166666666665,480.0,230400.0
0.36364583333333333,471.0,221841.0
0.36375,463.0,214369.0
0.36385416666666665,464.0,215296.0
0.36395833333333333,453.0,205209.0
0.3640625,466.0,217156.0
0.3641666666666667,478.0,228484.0
0.3642708333333333,466.0,217156.0
0.364375,478.0,228484.0
0.3644791666666667,464.0,215296.0
0.3645833333333333,464.0,215296.0
0.3646875,444.0,197136.0
0.3647916666666667,465.0,216225.0
0.3648958333333333,469.0,219961.0
0.365,456.0,207936.0
0.3651041666666667,462.0,213444.0
0.36520833333333336,469.0,219961.0
0.3653125,456.0,207936.0
0.36541666666666667,467.0,218089.0
0.36552083333333335,471.0,221841.0
0.365625,471.0,221841.0
0.36572916666666666,462.0,213444.0
0.36583333333333334,468.0,219024.0
0.3659375,450.0,202500.0
0.36604166666666665,445.0,198025.0
0.36614583333333334,461.0,212521.0
0.36625,440.0,193600.0
0.36635416666666665,458.0,209764.0
0.36645833333333333,462.0,213444.0
0.3665625,473.0,223729.0
0.36666666666666664,464.0,215296.0
0.3667708333333333,451.0,203401.0
0.366875,461.0,212521.0
0.3669791666666667,463.0,214369.0
0.3670833333333333,449.0,201601.0
0.3671875,456.0,207936.0
0.3672916666666667,455.0,207025.0
0.3673958333333333,451.0,203401.0
0.3675,462.0,213444.0
0.3676041666666667,472.0,222784.0
0.36770833333333336,467.0,218089.0
0.3678125,461.0,212521.0
0.36791666666666667,459.0,210681.0
0.36802083333333335,478.0,228484.0
0.368125,470.0,220900.0
0.36822916666666666,451.0,203401.0
0.36833333333333335,461.0,212521.0
0.3684375,470.0,220900.0
0.36854166666666666,450.0,202500.0
0.36864583333333334,460.0,211600.0
0.36875,446.0,198916.0
0.36885416666666665,456.0,207936.0
0.36895833333333333,450.0,202500.0
0.3690625,461.0,212521.0
0.36916666666666664,447.0,199809.0
0.3692708333333333,448.0,200704.0
0.369375,458.0,209764.0
0.3694791666666667,451.0,203401.0
0.3695833333333333,459.0,210681.0
0.3696875,463.0,214369.0
0.3697916666666667,463.0,214369.0
0.3698958333333333,463.0,214369.0
0.37,472.0,222784.0
0.3701041666666667,454.0,206116.0
0.3702083333333333,462.0,213444.0
0.3703125,475.0,225625.0
0.37041666666666667,466.0,217156.0
0.37052083333333335,473.0,223729.0
0.370625,474.0,224676.0
0.37072916666666667,459.0,210681.0
0.37083333333333335,460.0,211600.0
0.3709375,469.0,219961.0
0.37104166666666666,452.0,204304.0
0.37114583333333334,469.0,219961.0
0.37125,471.0,221841.0
0.37135416666666665,446.0,198916.0
0.37145833333333333,468.0,219024.0
0.3715625,458.0,209764.0
0.37166666666666665,480.0,230400.0
0.37177083333333333,468.0,219024.0
0.371875,452.0,204304.0
0.3719791666666667,471.0,221841.0
0.3720833333333333,464.0,215296.0
0.3721875,462.0,213444.0
0.3722916666666667,456.0,207936.0
0.3723958333333333,472.0,222784.0
0.3725,439.0,192721.0
0.3726041666666667,462.0,213444.0
0.3727083333333333,462.0,213444.0
0.3728125,463.0,214369.0
0.3729166666666667,472.0,222784.0
0.37302083333333336,453.0,205209.0
0.373125,450.0,202500.0
0.37322916666666667,473.0,223729.0
0.37333333333333335,468.0,219024.0
0.3734375,457.0,208849.0
0.37354166666666666,464.0,215296.0
0.37364583333333334,464.0,215296.0
0.37375,471.0,221841.0
0.37385416666666665,453.0,205209.0
0.37395833333333334,463.0,214369.0
0.3740625,461.0,212521.0
0.37416666666666665,463.0,214369.0
0.37427083333333333,457.0,208849.0
0.374375,462.0,213444.0
0.37447916666666664,458.0,209764.0
0.3745833333333333,467.0,218089.0
0.3746875,467.0,218089.0
0.3747916666666667,461.0,212521.0
0.3748958333333333,465.0,216225.0
0.375,458.0,209764.0
0.3751041666666667,481.0,231361.0
0.3752083333333333,464.0,215296.0
0.3753125,442.0,195364.0
0.3754166666666667,460.0,211600.0
0.37552083333333336,453.0,205209.0
0.375625,451.0,203401.0
0.37572916666666667,450.0,202500.0
0.37583333333333335,447.0,199809.0
0.3759375,466.0,217156.0
0.37604166666666666,450.0,202500.0
0.37614583333333335,466.0,217156.0
0.37625,457.0,208849.0
0.37635416666666666,460.0,211600.0
0.37645833333333334,457.0,208849.0
0.3765625,469.0,219961.0
0.37666666666666665,472.0,222784.0
0.37677083333333333,453.0,205209.0
0.376875,436.0,190096.0
0.37697916666666664,454.0,206116.0
0.3770833333333333,467.0,218089.0
0.3771875,473.0,223729.0
0.3772916666666667,457.0,208849.0
0.3773958333333333,469.0,219961.0
0.3775,461.0,212521.0
0.3776041666666667,458.0,209764.0
0.3777083333333333,443.0,196249.0
0.3778125,448.0,200704.0
0.3779166666666667,461.0,212521.0
0.3780208333333333,462.0,213444.0
0.378125,480.0,230400.0
0.37822916666666667,462.0,213444.0
0.37833333333333335,474.0,224676.0
0.3784375,451.0,203401.0
0.37854166666666667,468.0,219024.0
0.37864583333333335,472.0,222784.0
0.37875,450.0,202500.0
0.37885416666666666,448.0,200704.0
0.37895833333333334,460.0,211600.0
0.3790625,444.0,197136.0
0.37916666666666665,455.0,207025.0
0.37927083333333333,453.0,205209.0
0.379375,445.0,198025.0
0.37947916666666665,457.0,208849.0
0.37958333333333333,450.0,202500.0
0.3796875,469.0,219961.0
0.3797916666666667,455.0,207025.0
0.3798958333333333,453.0,205209.0
0.38,455.0,207025.0
0.3801041666666667,450.0,202500.0
0.3802083333333333,459.0,210681.0
0.3803125,452.0,204304.0
0.3804166666666667,460.0,211600.0
0.3805208333333333,469.0,219961.0
0.380625,451.0,203401.0
0.3807291666666667,468.0,219024.0
0.38083333333333336,453.0,205209.0
0.3809375,442.0,195364.0
0.38104166666666667,461.0,212521.0
0.38114583333333335,465.0,216225.0
0.38125,466.0,217156.0
0.38135416666666666,463.0,214369.0
0.38145833333333334,456.0,207936.0
0.3815625,463.0,214369.0
0.38166666666666665,468.0,219024.0
0.38177083333333334,483.0,233289.0
0.381875,468.0,219024.0
0.38197916666666665,461.0,212521.0
0.38208333333333333,478.0,228484.0
0.3821875,452.0,204304.0
0.38229166666666664,458.0,209764.0
0.3823958333333333,450.0,202500.0
0.3825,467.0,218089.0
0.3826041666666667,460.0,211600.0
0.3827083333333333,453.0,205209.0
0.3828125,460.0,211600.0
0.3829166666666667,458.0,209764.0
0.3830208333333333,466.0,217156.0
0.383125,462.0,213444.0
0.3832291666666667,464.0,215296.0
0.38333333333333336,463.0,214369.0
0.3834375,474.0,224676.0
0.38354166666666667,466.0,217156.0
0.38364583333333335,449.0,201601.0
0.38375,461.0,212521.0
0.38385416666666666,459.0,210681.0
0.38395833333333335,464.0,215296.0
0.3840625,456.0,207936.0
0.38416666666666666,473.0,223729.0
0.38427083333333334,457.0,208849.0
0.384375,449.0,201601.0
0.38447916666666665,458.0,209764.0
0.38458333333333333,468.0,219024.0
0.3846875,470.0,220900.0
0.38479166666666664,469.0,219961.0
0.3848958333333333,467.0,218089.0
0.385,458.0,209764.0
0.3851041666666667,447.0,199809.0
0.3852083333333333,457.0,208849.0
0.3853125,465.0,216225.0
0.3854166666666667,444.0,197136.0
0.3855208333333333,466.0,217156.0
0.385625,455.0,207025.0
0.3857291666666667,452.0,204304.0
0.3858333333333333,464.0,215296.0
0.3859375,465.0,216225.0
0.38604166666666667,442.0,195364.0
0.38614583333333335,454.0,206116.0
0.38625,451.0,203401.0
0.38635416666666667,466.0,217156.0
0.38645833333333335,473.0,223729.0
0.3865625,468.0,219024.0
0.38666666666666666,464.0,215296.0
0.38677083333333334,465.0,216225.0
0.386875,451.0,203401.0
0.38697916666666665,448.0,200704.0
0.38708333333333333,465.0,216225.0
0.3871875,476.0,226576.0
0.38729166666666665,477.0,227529.0
0.38739583333333333,467.0,218089.0
0.3875,466.0,217156.0
0.3876041666666667,464.0,215296.0
0.3877083333333333,466.0,217156.0
0.3878125,451.0,203401.0
0.3879166666666667,459.0,210681.0
0.3880208333333333,471.0,221841.0
0.388125,460.0,211600.0
0.3882291666666667,460.0,211600.0
0.3883333333333333,462.0,213444.0
0.3884375,451.0,203401.0
0.3885416666666667,467.0,218089.0
0.38864583333333336,458.0,209764.0
0.38875,448.0,200704.0
0.38885416666666667,464.0,215296.0
0.38895833333333335,447.0,199809.0
0.3890625,465.0,216225.0
0.38916666666666666,461.0,212521.0
0.38927083333333334,455.0,207025.0
0.389375,466.0,217156.0
0.38947916666666665,457.0,208849.0
0.38958333333333334,453.0,205209.0
0.3896875,476.0,226576.0
0.38979166666666665,441.0,194481.0
0.38989583333333333,447.0,199809.0
0.39,456.0,207936.0
0.39010416666666664,484.0,234256.0
0.3902083333333333,454.0,206116.0
0.3903125,460.0,211600.0
0.3904166666666667,443.0,196249.0
0.3905208333333333,458.0,209764.0
0.390625,459.0,210681.0
0.3907291666666667,447.0,199809.0
0.3908333333333333,450.0,202500.0
0.3909375,452.0,204304.0
0.3910416666666667,462.0,213444.0
0.39114583333333336,455.0,207025.0
0.39125,468.0,219024.0
0.39135416666666667,452.0,204304.0
0.39145833333333335,461.0,212521.0
0.3915625,458.0,209764.0
0.39166666666666666,455.0,207025.0
0.39177083333333335,453.0,205209.0
0.391875,443.0,196249.0
0.39197916666666666,461.0,212521.0
0.39208333333333334,481.0,231361.0
0.3921875,463.0,214369.0
0.39229166666666665,466.0,217156.0
0.39239583333333333,454.0,206116.0
0.3925,462.0,213444.0
0.39260416666666664,451.0,203401.0
0.3927083333333333,459.0,210681.0
0.3928125,467.0,218089.0
0.3929166666666667,453.0,205209.0
0.3930208333333333,463.0,214369.0
0.393125,430.0,184900.0
0.3932291666666667,460.0,211600.0
0.3933333333333333,448.0,200704.0
0.3934375,436.0,190096.0
0.3935416666666667,464.0,215296.0
0.3936458333333333,455.0,207025.0
0.39375,464.0,215296.0
0.39385416666666667,462.0,213444.0
0.39395833333333335,464.0,215296.0
0.3940625,459.0,210681.0
0.39416666666666667,450.0,202500.0
0.39427083333333335,463.0,214369.0
0.394375,460.0,211600.0
0.39447916666666666,447.0,199809.0
0.39458333333333334,437.0,190969.0
0.3946875,442.0,195364.0
0.39479166666666665,452.0,204304.0
0.39489583333333333,445.0,198025.0
0.395,467.0,218089.0
0.39510416666666665,466.0,217156.0
0.39520833333333333,449.0,201601.0
0.3953125,450.0,202500.0
0.3954166666666667,441.0,194481.0
0.3955208333333333,469.0,219961.0
0.395625,455.0,207025.0
0.3957291666666667,458.0,209764.0
0.3958333333333333,449.0,201601.0
0.3959375,469.0,219961.0
0.3960416666666667,449.0,201601.0
0.3961458333333333,456.0,207936.0
0.39625,456.0,207936.0
0.3963541666666667,465.0,216225.0
0.39645833333333336,456.0,207936.0
0.3965625,443.0,196249.0
0.39666666666666667,455.0,207025.0
0.39677083333333335,454.0,206116.0
0.396875,443.0,196249.0
0.39697916666666666,452.0,204304.0
0.39708333333333334,466.0,217156.0
0.3971875,466.0,217156.0
0.39729166666666665,470.0,220900.0
0.39739583333333334,456.0,207936.0
0.3975,458.0,209764.0
0.39760416666666665,448.0,200704.0
0.39770833333333333,452.0,204304.0
0.3978125,458.0,209764.0
0.39791666666666664,456.0,207936.0
0.3980208333333333,450.0,202500.0
0.398125,450.0,202500.0
0.3982291666666667,469.0,219961.0
0.3983333333333333,470.0,220900.0
0.3984375,458.0,209764.0
0.3985416666666667,464.0,215296.0
0.3986458333333333,463.0,214369.0
0.39875,452.0,204304.0
0.3988541666666667,459.0,210681.0
0.39895833333333336,464.0,215296.0
0.3990625,462.0,213444.0
0.39916666666666667,457.0,208849.0
0.39927083333333335,448.0,200704.0
0.399375,442.0,195364.0
0.39947916666666666,448.0,200704.0
0.39958333333333335,451.0,203401.0
0.3996875,451.0,203401.0
0.39979166666666666,478.0,228484.0
0.39989583333333334,456.0,207936.0
0.4,449.0,201601.0
0.40010416666666665,444.0,197136.0
0.40020833333333333,447.0,199809.0
0.4003125,458.0,209764.0
0.40041666666666664,462.0,213444.0
0.4005208333333333,446.0,198916.0
0.400625,469.0,219961.0
0.4007291666666667,460.0,211600.0
0.4008333333333333,461.0,212521.0
0.4009375,472.0,222784.0
0.4010416666666667,449.0,201601.0
0.4011458333333333,442.0,195364.0
0.40125,454.0,206116.0
0.4013541666666667,463.0,214369.0
0.4014583333333333,461.0,212521.0
0.4015625,458.0,209764.0
0.40166666666666667,463.0,214369.0
0.40177083333333335,430.0,184900.0
0.401875,449.0,201601.0
0.40197916666666667,453.0,205209.0
0.40208333333333335,449.0,201601.0
0.4021875,445.0,198025.0
0.40229166666666666,453.0,205209.0
0.40239583333333334,456.0,207936.0
0.4025,451.0,203401.0
0.40260416666666665,474.0,224676.0
0.40270833333333333,445.0,198025.0
0.4028125,449.0,201601.0
0.40291666666666665,456.0,207936.0
0.40302083333333333,436.0,190096.0
0.403125,457.0,208849.0
0.4032291666666667,441.0,194481.0
0.4033333333333333,444.0,197136.0
0.4034375,450.0,202500.0
0.4035416666666667,453.0,205209.0
0.4036458333333333,449.0,201601.0
0.40375,458.0,209764.0
0.4038541666666667,452.0,204304.0
0.4039583333333333,450.0,202500.0
0.4040625,455.0,207025.0
0.4041666666666667,436.0,190096.0
0.40427083333333336,456.0,207936.0
0.404375,462.0,213444.0
0.40447916666666667,446.0,198916.0
0.40458333333333335,457.0,208849.0
0.4046875,450.0,202500.0
0.40479166666666666,458.0,209764.0
0.40489583333333334,464.0,215296.0
0.405,436.0,190096.0
0.40510416666666665,447.0,199809.0
0.40520833333333334,444.0,197136.0
0.4053125,439.0,192721.0
0.40541666666666665,448.0,200704.0
0.40552083333333333,450.0,202500.0
0.405625,473.0,223729.0
0.40572916666666664,438.0,191844.0
0.4058333333333333,445.0,198025.0
0.4059375,466.0,217156.0
0.4060416666666667,469.0,219961.0
0.4061458333333333,460.0,211600.0
0.40625,472.0,222784.0
0.4063541666666667,446.0,198916.0
0.4064583333333333,456.0,207936.0
0.4065625,455.0,207025.0
0.4066666666666667,442.0,195364.0
0.40677083333333336,445.0,198025.0
0.406875,459.0,210681.0
0.40697916666666667,437.0,190969.0
0.40708333333333335,446.0,198916.0
0.4071875,452.0,204304.0
0.40729166666666666,453.0,205209.0
0.40739583333333335,450.0,202500.0
0.4075,456.0,207936.0
0.40760416666666666,456.0,207936.0
0.40770833333333334,458.0,209764.0
0.4078125,447.0,199809.0
0.40791666666666665,455.0,207025.0
0.40802083333333333,444.0,197136.0
0.408125,434.0,188356.0
0.40822916666666664,462.0,213444.0
0.4083333333333333,451.0,203401.0
0.4084375,456.0,207936.0
0.4085416666666667,443.0,196249.0
0.4086458333333333,456.0,207936.0
0.40875,449.0,201601.0
0.4088541666666667,452.0,204304.0
0.4089583333333333,464.0,215296.0
0.4090625,433.0,187489.0
0.4091666666666667,445.0,198025.0
0.4092708333333333,449.0,201601.0
0.409375,450.0,202500.0
0.40947916666666667,442.0,195364.0
0.40958333333333335,453.0,205209.0
0.4096875,468.0,219024.0
0.40979166666666667,456.0,207936.0
0.40989583333333335,452.0,204304.0
0.41,462.0,213444.0
0.41010416666666666,446.0,198916.0
0.41020833333333334,449.0,201601.0
0.4103125,451.0,203401.0
0.41041666666666665,460.0,211600.0
0.41052083333333333,456.0,207936.0
0.410625,456.0,207936.0
0.41072916666666665,476.0,226576.0
0.41083333333333333,458.0,209764.0
0.4109375,454.0,206116.0
0.4110416666666667,454.0,206116.0
0.4111458333333333,452.0,204304.0
0.41125,456.0,207936.0
0.4113541666666667,460.0,211600.0
0.4114583333333333,452.0,204304.0
0.4115625,438.0,191844.0
0.4116666666666667,455.0,207025.0
0.4117708333333333,452.0,204304.0
0.411875,463.0,214369.0
0.4119791666666667,454.0,206116.0
0.41208333333333336,452.0,204304.0
0.4121875,479.0,229441.0
0.41229166666666667,465.0,216225.0
0.41239583333333335,431.0,185761.0
0.4125,452.0,204304.0
0.41260416666666666,454.0,206116.0
0.41270833333333334,451.0,203401.0
0.4128125,459.0,210681.0
0.41291666666666665,456.0,207936.0
0.41302083333333334,452.0,204304.0
0.413125,456.0,207936.0
0.41322916666666665,482.0,232324.0
0.41333333333333333,446.0,198916.0
0.4134375,457.0,208849.0
0.41354166666666664,454.0,206116.0
0.4136458333333333,467.0,218089.0
0.41375,445.0,198025.0
0.4138541666666667,466.0,217156.0
0.4139583333333333,465.0,216225.0
0.4140625,464.0,215296.0
0.4141666666666667,453.0,205209.0
0.4142708333333333,454.0,206116.0
0.414375,463.0,214369.0
0.4144791666666667,437.0,190969.0
0.41458333333333336,470.0,220900.0
0.4146875,462.0,213444.0
0.41479166666666667,470.0,220900.0
0.41489583333333335,450.0,202500.0
0.415,465.0,216225.0
0.41510416666666666,462.0,213444.0
0.41520833333333335,456.0,207936.0
0.4153125,443.0,196249.0
0.41541666666666666,461.0,212521.0
0.41552083333333334,486.0,236196.0
0.415625,464.0,215296.0
0.41572916666666665,474.0,224676.0
0.41583333333333333,475.0,225625.0
0.4159375,466.0,217156.0
0.41604166666666664,472.0,222784.0
0.4161458333333333,462.0,213444.0
0.41625,474.0,224676.0
0.4163541666666667,475.0,225625.0
0.4164583333333333,452.0,204304.0
0.4165625,458.0,209764.0
0.4166666666666667,462.0,213444.0
0.4167708333333333,444.0,197136.0
0.416875,449.0,201601.0
0.4169791666666667,462.0,213444.0
0.4170833333333333,461.0,212521.0
0.4171875,434.0,188356.0
0.41729166666666667,468.0,219024.0
0.41739583333333335,445.0,198025.0
0.4175,454.0,206116.0
0.41760416666666667,461.0,212521.0
0.41770833333333335,451.0,203401.0
0.4178125,454.0,206116.0
0.41791666666666666,456.0,207936.0
0.41802083333333334,458.0,209764.0
0.418125,445.0,198025.0
0.41822916666666665,457.0,208849.0
0.41833333333333333,462.0,213444.0
0.4184375,465.0,216225.0
0.41854166666666665,447.0,199809.0
0.41864583333333333,455.0,207025.0
0.41875,455.0,207025.0
0.4188541666666667,460.0,211600.0
0.4189583333333333,460.0,211600.0
0.4190625,462.0,213444.0
0.4191666666666667,445.0,198025.0
0.4192708333333333,449.0,201601.0
0.419375,460.0,211600.0
0.4194791666666667,480.0,230400.0
0.4195833333333333,453.0,205209.0
0.4196875,461.0,212521.0
0.4197916666666667,465.0,216225.0
0.41989583333333336,466.0,217156.0
0.42,470.0,220900.0
0.42010416666666667,461.0,212521.0
0.42020833333333335,457.0,208849.0
0.4203125,459.0,210681.0
0.42041666666666666,469.0,219961.0
0.42052083333333334,473.0,223729.0
0.420625,467.0,218089.0
0.42072916666666665,449.0,201601.0
0.42083333333333334,469.0,219961.0
0.4209375,467.0,218089.0
0.42104166666666665,466.0,217156.0
0.42114583333333333,463.0,214369.0
0.42125,460.0,211600.0
0.42135416666666664,455.0,207025.0
0.4214583333333333,442.0,195364.0
0.4215625,445.0,198025.0
0.4216666666666667,476.0,226576.0
0.4217708333333333,474.0,224676.0
0.421875,451.0,203401.0
0.4219791666666667,457.0,208849.0
0.4220833333333333,458.0,209764.0
0.4221875,458.0,209764.0
0.4222916666666667,460.0,211600.0
0.42239583333333336,461.0,212521.0
0.4225,456.0,207936.0
0.42260416666666667,455.0,207025.0
0.42270833333333335,460.0,211600.0
0.4228125,450.0,202500.0
0.42291666666666666,461.0,212521.0
0.42302083333333335,470.0,220900.0
0.423125,462.0,213444.0
0.42322916666666666,448.0,200704.0
0.42333333333333334,471.0,221841.0
0.4234375,464.0,215296.0
0.42354166666666665,459.0,210681.0
0.42364583333333333,475.0,225625.0
0.42375,474.0,224676.0
0.42385416666666664,465.0,216225.0
0.4239583333333333,461.0,212521.0
0.4240625,443.0,196249.0
0.4241666666666667,463.0,214369.0
0.4242708333333333,454.0,206116.0
0.424375,450.0,202500.0
0.4244791666666667,461.0,212521.0
0.4245833333333333,463.0,214369.0
0.4246875,455.0,207025.0
0.4247916666666667,470.0,220900.0
0.4248958333333333,462.0,213444.0
0.425,449.0,201601.0
0.42510416666666667,464.0,215296.0
0.42520833333333335,453.0,205209.0
0.4253125,471.0,221841.0
0.42541666666666667,455.0,207025.0
0.42552083333333335,455.0,207025.0
0.425625,469.0,219961.0
0.42572916666666666,458.0,209764.0
0.42583333333333334,452.0,204304.0
0.4259375,457.0,208849.0
0.42604166666666665,457.0,208849.0
0.42614583333333333,460.0,211600.0
0.42625,459.0,210681.0
0.42635416666666665,452.0,204304.0
0.42645833333333333,465.0,216225.0
0.4265625,464.0,215296.0
0.4266666666666667,469.0,219961.0
0.4267708333333333,454.0,206116.0
0.426875,450.0,202500.0
0.4269791666666667,462.0,213444.0
0.4270833333333333,452.0,204304.0
0.4271875,439.0,192721.0
0.4272916666666667,456.0,207936.0
0.4273958333333333,444.0,197136.0
0.4275,458.0,209764.0
0.4276041666666667,458.0,209764.0
0.42770833333333336,449.0,201601.0
0.4278125,454.0,206116.0
0.42791666666666667,446.0,198916.0
0.42802083333333335,442.0,195364.0
0.428125,468.0,219024.0
0.42822916666666666,469.0,219961.0
0.42833333333333334,448.0,200704.0
0.4284375,468.0,219024.0
0.42854166666666665,468.0,219024.0
0.42864583333333334,461.0,212521.0
0.42875,454.0,206116.0
0.42885416666666665,452.0,204304.0
0.42895833333333333,466.0,217156.0
0.4290625,458.0,209764.0
0.42916666666666664,454.0,206116.0
0.4292708333333333,460.0,211600.0
0.429375,461.0,212521.0
0.4294791666666667,465.0,216225.0
0.4295833333333333,471.0,221841.0
0.4296875,457.0,208849.0
0.4297916666666667,459.0,210681.0
0.4298958333333333,464.0,215296.0
0.43,445.0,198025.0
0.4301041666666667,461.0,212521.0
0.43020833333333336,455.0,207025.0
0.4303125,450.0,202500.0
0.43041666666666667,455.0,207025.0
0.43052083333333335,444.0,197136.0
0.430625,440.0,193600.0
0.43072916666666666,470.0,220900.0
0.43083333333333335,456.0,207936.0
0.4309375,456.0,207936.0
0.43104166666666666,464.0,215296.0
0.43114583333333334,444.0,197136.0
0.43125,464.0,215296.0
0.43135416666666665,460.0,211600.0
0.43145833333333333,470.0,220900.0
0.4315625,460.0,211600.0
0.43166666666666664,461.0,212521.0
0.4317708333333333,446.0,198916.0
0.431875,472.0,222784.0
0.4319791666666667,458.0,209764.0
0.4320833333333333,454.0,206116.0
0.4321875,465.0,216225.0
0.4322916666666667,446.0,198916.0
0.4323958333333333,444.0,197136.0
0.4325,456.0,207936.0
0.4326041666666667,457.0,208849.0
0.4327083333333333,454.0,206116.0
0.4328125,458.0,209764.0
0.43291666666666667,455.0,207025.0
0.43302083333333335,471.0,221841.0
0.433125,465.0,216225.0
0.43322916666666667,475.0,225625.0
0.43333333333333335,449.0,201601.0
0.4334375,455.0,207025.0
0.43354166666666666,467.0,218089.0
0.43364583333333334,455.0,207025.0
0.43375,479.0,229441.0
0.43385416666666665,451.0,203401.0
0.43395833333333333,452.0,204304.0
0.4340625,456.0,207936.0
0.43416666666666665,456.0,207936.0
0.43427083333333333,442.0,195364.0
0.434375,457.0,208849.0
0.4344791666666667,437.0,190969.0
0.4345833333333333,460.0,211600.0
0.4346875,457.0,208849.0
0.4347916666666667,460.0,211600.0
0.4348958333333333,458.0,209764.0
0.435,450.0,202500.0
0.4351041666666667,450.0,202500.0
0.4352083333333333,451.0,203401.0
0.4353125,458.0,209764.0
0.4354166666666667,456.0,207936.0
0.43552083333333336,474.0,224676.0
0.435625,464.0,215296.0
0.43572916666666667,454.0,206116.0
0.43583333333333335,457.0,208849.0
0.4359375,460.0,211600.0
0.43604166666666666,464.0,215296.0
0.43614583333333334,463.0,214369.0
0.43625,459.0,210681.0
0.43635416666666665,450.0,202500.0
0.43645833333333334,460.0,211600.0
0.4365625,461.0,212521.0
0.43666666666666665,454.0,206116.0
0.43677083333333333,460.0,211600.0
0.436875,469.0,219961.0
0.43697916666666664,481.0,231361.0
0.4370833333333333,463.0,214369.0
0.4371875,446.0,198916.0
0.4372916666666667,462.0,213444.0
0.4373958333333333,468.0,219024.0
0.4375,467.0,218089.0
0.4376041666666667,452.0,204304.0
0.4377083333333333,463.0,214369.0
0.4378125,461.0,212521.0
0.4379166666666667,446.0,198916.0
0.43802083333333336,463.0,214369.0
0.438125,457.0,208849.0
0.43822916666666667,466.0,217156.0
0.43833333333333335,468.0,219024.0
0.4384375,460.0,211600.0
0.43854166666666666,469.0,219961.0
0.43864583333333335,445.0,198025.0
0.43875,464.0,215296.0
0.43885416666666666,459.0,210681.0
0.43895833333333334,456.0,207936.0
0.4390625,452.0,204304.0
0.43916666666666665,463.0,214369.0
0.43927083333333333,450.0,202500.0
0.439375,461.0,212521.0
0.43947916666666664,472.0,222784.0
0.4395833333333333,469.0,219961.0
0.4396875,461.0,212521.0
0.4397916666666667,454.0,206116.0
0.4398958333333333,467.0,218089.0
0.44,471.0,221841.0
0.4401041666666667,455.0,207025.0
0.4402083333333333,453.0,205209.0
0.4403125,454.0,206116.0
0.4404166666666667,452.0,204304.0
0.4405208333333333,454.0,206116.0
0.440625,457.0,208849.0
0.44072916666666667,452.0,204304.0
0.44083333333333335,456.0,207936.0
0.4409375,446.0,198916.0
0.44104166666666667,452.0,204304.0
0.44114583333333335,446.0,198916.0
0.44125,464.0,215296.0
0.44135416666666666,472.0,222784.0
0.44145833333333334,438.0,191844.0
0.4415625,466.0,217156.0
0.44166666666666665,446.0,198916.0
0.44177083333333333,475.0,225625.0
0.441875,462.0,213444.0
0.44197916666666665,449.0,201601.0
0.44208333333333333,465.0,216225.0
0.4421875,459.0,210681.0
0.4422916666666667,453.0,205209.0
0.4423958333333333,463.0,214369.0
0.4425,463.0,214369.0
0.4426041666666667,456.0,207936.0
0.4427083333333333,460.0,211600.0
0.4428125,452.0,204304.0
0.4429166666666667,459.0,210681.0
0.4430208333333333,463.0,214369.0
0.443125,456.0,207936.0
0.4432291666666667,445.0,198025.0
0.44333333333333336,453.0,205209.0
0.4434375,466.0,217156.0
0.44354166666666667,450.0,202500.0
0.44364583333333335,460.0,211600.0
0.44375,459.0,210681.0
0.44385416666666666,449.0,201601.0
0.44395833333333334,454.0,206116.0
0.4440625,451.0,203401.0
0.44416666666666665,465.0,216225.0
0.44427083333333334,463.0,214369.0
0.444375,455.0,207025.0
0.44447916666666665,465.0,216225.0
0.44458333333333333,466.0,217156.0
0.4446875,447.0,199809.0
0.44479166666666664,468.0,219024.0
0.4448958333333333,453.0,205209.0
0.445,471.0,221841.0
0.4451041666666667,448.0,200704.0
0.4452083333333333,455.0,207025.0
0.4453125,466.0,217156.0
0.4454166666666667,451.0,203401.0
0.4455208333333333,460.0,211600.0
0.445625,469.0,219961.0
0.4457291666666667,463.0,214369.0
0.44583333333333336,446.0,198916.0
0.4459375,453.0,205209.0
0.44604166666666667,451.0,203401.0
0.44614583333333335,467.0,218089.0
0.44625,451.0,203401.0
0.44635416666666666,449.0,201601.0
0.44645833333333335,446.0,198916.0
0.4465625,450.0,202500.0
0.44666666666666666,453.0,205209.0
0.44677083333333334,451.0,203401.0
0.446875,449.0,201601.0
0.44697916666666665,457.0,208849.0
0.44708333333333333,463.0,214369.0
0.4471875,468.0,219024.0
0.44729166666666664,465.0,216225.0
0.4473958333333333,468.0,219024.0
0.4475,468.0,219024.0
0.4476041666666667,456.0,207936.0
0.4477083333333333,472.0,222784.0
0.4478125,452.0,204304.0
0.4479166666666667,438.0,191844.0
0.4480208333333333,466.0,217156.0
0.448125,455.0,207025.0
0.4482291666666667,472.0,222784.0
0.4483333333333333,460.0,211600.0
0.4484375,463.0,214369.0
0.44854166666666667,469.0,219961.0
0.44864583333333335,472.0,222784.0
0.44875,463.0,214369.0
0.44885416666666667,472.0,222784.0
0.44895833333333335,461.0,212521.0
0.4490625,447.0,199809.0
0.44916666666666666,454.0,206116.0
0.44927083333333334,450.0,202500.0
0.449375,471.0,221841.0
0.44947916666666665,457.0,208849.0
0.44958333333333333,444.0,197136.0
0.4496875,476.0,226576.0
0.44979166666666665,464.0,215296.0
0.44989583333333333,462.0,213444.0
0.45,466.0,217156.0
